========================================================================================
  NSGA-III vs QI-NSGA-III vs MOEA/D -- comparaison statistique a 3 (IRP)
========================================================================================
  Instance          : 100 clients
  Seeds             : [42, 137, 271]
  Generations       : 300 (partagees, meme budget nominal)
  Pop NSGA-III      : 200
  Pop QI-NSGA-III   : 200
  Pop MOEA/D        : 165 (= len(ref_dirs), non reglable independamment)
========================================================================================

--- seed=42 ---
==========================================================================================
n_gen  |  n_eval  | n_nds  |     cv_min    |     cv_avg    |      eps      |   indicator  
==========================================================================================
     1 |      200 |      6 |  0.000000E+00 |  7.2987261181 |             - |             -
     2 |      400 |      7 |  0.000000E+00 |  0.0300000000 |  0.1283696709 |         nadir
     3 |      600 |      8 |  0.000000E+00 |  0.000000E+00 |  0.0375939850 |         ideal
     4 |      800 |      8 |  0.000000E+00 |  0.000000E+00 |  0.2008829274 |         nadir
     5 |     1000 |      9 |  0.000000E+00 |  0.000000E+00 |  0.1367521368 |         ideal
     6 |     1200 |     10 |  0.000000E+00 |  0.000000E+00 |  0.0506977606 |             f
     7 |     1400 |      8 |  0.000000E+00 |  0.000000E+00 |  0.0879438176 |         ideal
     8 |     1600 |     11 |  0.000000E+00 |  0.000000E+00 |  0.0987623974 |         ideal
     9 |     1800 |     11 |  0.000000E+00 |  0.000000E+00 |  0.1672215696 |         nadir
    10 |     2000 |     13 |  0.000000E+00 |  0.000000E+00 |  0.1134086137 |             f
    11 |     2200 |     15 |  0.000000E+00 |  0.000000E+00 |  0.0916513980 |         ideal
    12 |     2400 |      9 |  0.000000E+00 |  0.000000E+00 |  0.2485207101 |         ideal
    13 |     2600 |     13 |  0.000000E+00 |  0.000000E+00 |  0.1084337349 |         ideal
    14 |     2800 |     14 |  0.000000E+00 |  0.000000E+00 |  0.0491670163 |         nadir
    15 |     3000 |     15 |  0.000000E+00 |  0.000000E+00 |  0.0513631410 |             f
    16 |     3200 |     15 |  0.000000E+00 |  0.000000E+00 |  0.0543924975 |             f
    17 |     3400 |     13 |  0.000000E+00 |  0.000000E+00 |  0.1846238356 |         ideal
    18 |     3600 |     14 |  0.000000E+00 |  0.000000E+00 |  0.0328947368 |         ideal
    19 |     3800 |     15 |  0.000000E+00 |  0.000000E+00 |  0.0952380952 |         ideal
    20 |     4000 |     16 |  0.000000E+00 |  0.000000E+00 |  0.0168580188 |         ideal
    21 |     4200 |     14 |  0.000000E+00 |  0.000000E+00 |  0.0232558140 |         ideal
    22 |     4400 |     17 |  0.000000E+00 |  0.000000E+00 |  0.0702702703 |         ideal
    23 |     4600 |     16 |  0.000000E+00 |  0.000000E+00 |  0.1351748789 |         ideal
    24 |     4800 |     14 |  0.000000E+00 |  0.000000E+00 |  0.2018899379 |         ideal
    25 |     5000 |     11 |  0.000000E+00 |  0.000000E+00 |  0.4682539683 |         nadir
    26 |     5200 |     10 |  0.000000E+00 |  0.000000E+00 |  0.000000E+00 |             f
    27 |     5400 |      6 |  0.000000E+00 |  0.000000E+00 |  0.7957904127 |         nadir
    28 |     5600 |      8 |  0.000000E+00 |  0.000000E+00 |  0.1428571429 |         ideal
    29 |     5800 |      8 |  0.000000E+00 |  0.000000E+00 |  0.000000E+00 |             f
    30 |     6000 |      8 |  0.000000E+00 |  0.000000E+00 |  0.000000E+00 |             f
    31 |     6200 |      8 |  0.000000E+00 |  0.000000E+00 |  0.6650482072 |         nadir
    32 |     6400 |      6 |  0.000000E+00 |  0.000000E+00 |  0.1720943585 |         ideal
    33 |     6600 |     11 |  0.000000E+00 |  0.000000E+00 |  0.0252100840 |         ideal
    34 |     6800 |     11 |  0.000000E+00 |  0.000000E+00 |  0.000000E+00 |             f
    35 |     7000 |     10 |  0.000000E+00 |  0.000000E+00 |  0.0652851224 |             f
    36 |     7200 |     11 |  0.000000E+00 |  0.000000E+00 |  0.0380906614 |             f
    37 |     7400 |     10 |  0.000000E+00 |  0.000000E+00 |  0.1720369729 |         ideal
    38 |     7600 |     11 |  0.000000E+00 |  0.000000E+00 |  0.0243500451 |             f
    39 |     7800 |     12 |  0.000000E+00 |  0.000000E+00 |  0.0158010468 |             f
    40 |     8000 |     10 |  0.000000E+00 |  0.000000E+00 |  0.1678321678 |         ideal
    41 |     8200 |      9 |  0.000000E+00 |  0.000000E+00 |  0.1178637782 |         ideal
    42 |     8400 |     11 |  0.000000E+00 |  0.000000E+00 |  0.1085271318 |         ideal
    43 |     8600 |     11 |  0.000000E+00 |  0.000000E+00 |  0.000000E+00 |             f
    44 |     8800 |     12 |  0.000000E+00 |  0.000000E+00 |  0.0301516324 |             f
    45 |     9000 |      9 |  0.000000E+00 |  0.000000E+00 |  0.1623376623 |         ideal
    46 |     9200 |     11 |  0.000000E+00 |  0.000000E+00 |  0.2508027609 |         nadir
    47 |     9400 |     14 |  0.000000E+00 |  0.000000E+00 |  0.0579121744 |         ideal
    48 |     9600 |     10 |  0.000000E+00 |  0.000000E+00 |  0.0694444444 |         ideal
    49 |     9800 |     10 |  0.000000E+00 |  0.000000E+00 |  0.0526315789 |         ideal
    50 |    10000 |     13 |  0.000000E+00 |  0.000000E+00 |  0.0832211709 |         ideal
    51 |    10200 |     14 |  0.000000E+00 |  0.000000E+00 |  0.1173788103 |         ideal
    52 |    10400 |     12 |  0.000000E+00 |  0.000000E+00 |  0.1025641026 |         nadir
    53 |    10600 |     12 |  0.000000E+00 |  0.000000E+00 |  0.000000E+00 |             f
    54 |    10800 |     11 |  0.000000E+00 |  0.000000E+00 |  0.2580645161 |         ideal
    55 |    11000 |     12 |  0.000000E+00 |  0.000000E+00 |  0.1071428571 |         ideal
    56 |    11200 |     10 |  0.000000E+00 |  0.000000E+00 |  0.3933922708 |         ideal
    57 |    11400 |     11 |  0.000000E+00 |  0.000000E+00 |  0.1084786351 |         nadir
    58 |    11600 |     13 |  0.000000E+00 |  0.000000E+00 |  0.1593926136 |         ideal
    59 |    11800 |     13 |  0.000000E+00 |  0.000000E+00 |  0.0169918156 |             f
    60 |    12000 |     12 |  0.000000E+00 |  0.000000E+00 |  0.0160516898 |             f
    61 |    12200 |     12 |  0.000000E+00 |  0.000000E+00 |  0.0557748597 |             f
    62 |    12400 |     12 |  0.000000E+00 |  0.000000E+00 |  0.000000E+00 |             f
    63 |    12600 |     12 |  0.000000E+00 |  0.000000E+00 |  0.0191678959 |             f
    64 |    12800 |     16 |  0.000000E+00 |  0.000000E+00 |  0.0641711230 |         ideal
    65 |    13000 |     17 |  0.000000E+00 |  0.000000E+00 |  0.0115915519 |             f
    66 |    13200 |     18 |  0.000000E+00 |  0.000000E+00 |  0.0685714286 |         ideal
    67 |    13400 |     21 |  0.000000E+00 |  0.000000E+00 |  0.3256466013 |         nadir
    68 |    13600 |     20 |  0.000000E+00 |  0.000000E+00 |  0.0116985915 |             f
    69 |    13800 |     17 |  0.000000E+00 |  0.000000E+00 |  0.0265122073 |             f
    70 |    14000 |     17 |  0.000000E+00 |  0.000000E+00 |  0.000000E+00 |             f
    71 |    14200 |     19 |  0.000000E+00 |  0.000000E+00 |  0.0135977315 |             f
    72 |    14400 |     19 |  0.000000E+00 |  0.000000E+00 |  0.0410004204 |             f
    73 |    14600 |     19 |  0.000000E+00 |  0.000000E+00 |  0.0641711230 |         ideal
    74 |    14800 |     18 |  0.000000E+00 |  0.000000E+00 |  0.0052482215 |             f
    75 |    15000 |     15 |  0.000000E+00 |  0.000000E+00 |  0.0740740741 |         ideal
    76 |    15200 |     17 |  0.000000E+00 |  0.000000E+00 |  0.1510570837 |         ideal
    77 |    15400 |     17 |  0.000000E+00 |  0.000000E+00 |  0.0783353144 |         ideal
    78 |    15600 |     18 |  0.000000E+00 |  0.000000E+00 |  0.0685714286 |         ideal
    79 |    15800 |     20 |  0.000000E+00 |  0.000000E+00 |  0.0290040858 |             f
    80 |    16000 |     18 |  0.000000E+00 |  0.000000E+00 |  0.0197928916 |             f
    81 |    16200 |     18 |  0.000000E+00 |  0.000000E+00 |  0.0538363650 |         ideal
    82 |    16400 |     18 |  0.000000E+00 |  0.000000E+00 |  0.000000E+00 |             f
    83 |    16600 |     17 |  0.000000E+00 |  0.000000E+00 |  0.0058173194 |             f
    84 |    16800 |     19 |  0.000000E+00 |  0.000000E+00 |  0.0915492958 |         ideal
    85 |    17000 |     20 |  0.000000E+00 |  0.000000E+00 |  0.0287287186 |             f
    86 |    17200 |     18 |  0.000000E+00 |  0.000000E+00 |  0.000000E+00 |             f
    87 |    17400 |     19 |  0.000000E+00 |  0.000000E+00 |  0.0184033897 |         ideal
    88 |    17600 |     19 |  0.000000E+00 |  0.000000E+00 |  0.1098903995 |         nadir
    89 |    17800 |     19 |  0.000000E+00 |  0.000000E+00 |  0.0131774968 |         ideal
    90 |    18000 |     18 |  0.000000E+00 |  0.000000E+00 |  0.0130061089 |         ideal
    91 |    18200 |     16 |  0.000000E+00 |  0.000000E+00 |  0.0342055655 |         nadir
    92 |    18400 |     17 |  0.000000E+00 |  0.000000E+00 |  0.0559684508 |         ideal
    93 |    18600 |     18 |  0.000000E+00 |  0.000000E+00 |  0.0102194150 |             f
    94 |    18800 |     16 |  0.000000E+00 |  0.000000E+00 |  0.1235081467 |         ideal
    95 |    19000 |     15 |  0.000000E+00 |  0.000000E+00 |  0.1381329034 |         nadir
    96 |    19200 |     15 |  0.000000E+00 |  0.000000E+00 |  0.0360036341 |         ideal
    97 |    19400 |     14 |  0.000000E+00 |  0.000000E+00 |  0.0427159976 |         ideal
    98 |    19600 |     14 |  0.000000E+00 |  0.000000E+00 |  0.0250678990 |             f
    99 |    19800 |     10 |  0.000000E+00 |  0.000000E+00 |  0.0103950973 |         ideal
   100 |    20000 |     10 |  0.000000E+00 |  0.000000E+00 |  0.000000E+00 |             f
   101 |    20200 |     11 |  0.000000E+00 |  0.000000E+00 |  0.0005496388 |             f
   102 |    20400 |     12 |  0.000000E+00 |  0.000000E+00 |  0.0440251572 |         ideal
   103 |    20600 |      9 |  0.000000E+00 |  0.000000E+00 |  0.0063291139 |         ideal
   104 |    20800 |      9 |  0.000000E+00 |  0.000000E+00 |  0.000000E+00 |             f
   105 |    21000 |      9 |  0.000000E+00 |  0.000000E+00 |  0.0017527845 |             f
   106 |    21200 |     12 |  0.000000E+00 |  0.000000E+00 |  0.0984778154 |         ideal
   107 |    21400 |     10 |  0.000000E+00 |  0.000000E+00 |  0.0156548895 |             f
   108 |    21600 |     11 |  0.000000E+00 |  0.000000E+00 |  0.0356836715 |             f
   109 |    21800 |     11 |  0.000000E+00 |  0.000000E+00 |  0.0083536362 |         ideal
   110 |    22000 |     12 |  0.000000E+00 |  0.000000E+00 |  0.0289452616 |             f
   111 |    22200 |     14 |  0.000000E+00 |  0.000000E+00 |  0.0362471935 |             f
   112 |    22400 |     15 |  0.000000E+00 |  0.000000E+00 |  0.0209977395 |             f
   113 |    22600 |     15 |  0.000000E+00 |  0.000000E+00 |  0.0173771294 |             f
   114 |    22800 |     13 |  0.000000E+00 |  0.000000E+00 |  0.0983865162 |         ideal
   115 |    23000 |     13 |  0.000000E+00 |  0.000000E+00 |  0.000000E+00 |             f
   116 |    23200 |     13 |  0.000000E+00 |  0.000000E+00 |  0.000000E+00 |             f
   117 |    23400 |     16 |  0.000000E+00 |  0.000000E+00 |  0.0445448182 |         ideal
   118 |    23600 |     16 |  0.000000E+00 |  0.000000E+00 |  0.000000E+00 |             f
   119 |    23800 |     13 |  0.000000E+00 |  0.000000E+00 |  0.0411741064 |         ideal
   120 |    24000 |     12 |  0.000000E+00 |  0.000000E+00 |  0.2528735632 |         nadir
   121 |    24200 |     11 |  0.000000E+00 |  0.000000E+00 |  0.0613175084 |             f
   122 |    24400 |     15 |  0.000000E+00 |  0.000000E+00 |  0.2767866912 |         nadir
   123 |    24600 |     16 |  0.000000E+00 |  0.000000E+00 |  0.0543478261 |         nadir
   124 |    24800 |     15 |  0.000000E+00 |  0.000000E+00 |  0.0237800289 |         ideal
   125 |    25000 |     14 |  0.000000E+00 |  0.000000E+00 |  0.000000E+00 |             f
   126 |    25200 |     16 |  0.000000E+00 |  0.000000E+00 |  0.0225568739 |             f
   127 |    25400 |     15 |  0.000000E+00 |  0.000000E+00 |  0.0466329103 |         ideal
   128 |    25600 |     16 |  0.000000E+00 |  0.000000E+00 |  0.0264494821 |             f
   129 |    25800 |     17 |  0.000000E+00 |  0.000000E+00 |  0.0065433835 |             f
   130 |    26000 |     17 |  0.000000E+00 |  0.000000E+00 |  0.000000E+00 |             f
   131 |    26200 |     17 |  0.000000E+00 |  0.000000E+00 |  0.0201842559 |             f
   132 |    26400 |     11 |  0.000000E+00 |  0.000000E+00 |  0.0307009257 |         ideal
   133 |    26600 |     11 |  0.000000E+00 |  0.000000E+00 |  0.000000E+00 |             f
   134 |    26800 |     13 |  0.000000E+00 |  0.000000E+00 |  0.3120118270 |         nadir
   135 |    27000 |     13 |  0.000000E+00 |  0.000000E+00 |  0.000000E+00 |             f
   136 |    27200 |     16 |  0.000000E+00 |  0.000000E+00 |  0.1101781913 |         ideal
   137 |    27400 |     16 |  0.000000E+00 |  0.000000E+00 |  0.000000E+00 |             f
   138 |    27600 |     15 |  0.000000E+00 |  0.000000E+00 |  0.000000E+00 |             f
   139 |    27800 |     15 |  0.000000E+00 |  0.000000E+00 |  0.000000E+00 |             f
   140 |    28000 |     14 |  0.000000E+00 |  0.000000E+00 |  0.0006437745 |             f
   141 |    28200 |     13 |  0.000000E+00 |  0.000000E+00 |  0.0685245197 |         ideal
   142 |    28400 |     13 |  0.000000E+00 |  0.000000E+00 |  0.000000E+00 |             f
   143 |    28600 |     13 |  0.000000E+00 |  0.000000E+00 |  0.000000E+00 |             f
   144 |    28800 |     13 |  0.000000E+00 |  0.000000E+00 |  0.000000E+00 |             f
   145 |    29000 |     13 |  0.000000E+00 |  0.000000E+00 |  0.0769230769 |         nadir
   146 |    29200 |     10 |  0.000000E+00 |  0.000000E+00 |  0.0618556701 |         ideal
   147 |    29400 |     12 |  0.000000E+00 |  0.000000E+00 |  0.1629262996 |         ideal
   148 |    29600 |     10 |  0.000000E+00 |  0.000000E+00 |  0.0416886829 |         ideal
   149 |    29800 |     11 |  0.000000E+00 |  0.000000E+00 |  0.0244425140 |             f
   150 |    30000 |     10 |  0.000000E+00 |  0.000000E+00 |  0.000000E+00 |             f
   151 |    30200 |     10 |  0.000000E+00 |  0.000000E+00 |  0.000000E+00 |             f
   152 |    30400 |     10 |  0.000000E+00 |  0.000000E+00 |  0.0146310169 |             f
   153 |    30600 |     10 |  0.000000E+00 |  0.000000E+00 |  0.0151796781 |             f
   154 |    30800 |     13 |  0.000000E+00 |  0.000000E+00 |  0.2257226252 |         ideal
   155 |    31000 |     14 |  0.000000E+00 |  0.000000E+00 |  0.1034482759 |         ideal
   156 |    31200 |     14 |  0.000000E+00 |  0.000000E+00 |  0.0105734320 |             f
   157 |    31400 |     14 |  0.000000E+00 |  0.000000E+00 |  0.1076923077 |         nadir
   158 |    31600 |     14 |  0.000000E+00 |  0.000000E+00 |  0.0424013944 |         nadir
   159 |    31800 |     13 |  0.000000E+00 |  0.000000E+00 |  0.1403508772 |         nadir
   160 |    32000 |     14 |  0.000000E+00 |  0.000000E+00 |  0.0368397191 |             f
   161 |    32200 |     14 |  0.000000E+00 |  0.000000E+00 |  0.000000E+00 |             f
   162 |    32400 |     14 |  0.000000E+00 |  0.000000E+00 |  0.1411764384 |         nadir
   163 |    32600 |     16 |  0.000000E+00 |  0.000000E+00 |  0.0191120808 |             f
   164 |    32800 |     17 |  0.000000E+00 |  0.000000E+00 |  0.0181508929 |             f
   165 |    33000 |     17 |  0.000000E+00 |  0.000000E+00 |  0.0016069356 |             f
   166 |    33200 |     18 |  0.000000E+00 |  0.000000E+00 |  0.0643050296 |         ideal
   167 |    33400 |     17 |  0.000000E+00 |  0.000000E+00 |  0.000000E+00 |             f
   168 |    33600 |     17 |  0.000000E+00 |  0.000000E+00 |  0.000000E+00 |             f
   169 |    33800 |     14 |  0.000000E+00 |  0.000000E+00 |  0.0002923308 |             f
   170 |    34000 |     15 |  0.000000E+00 |  0.000000E+00 |  0.0316191382 |             f
   171 |    34200 |     17 |  0.000000E+00 |  0.000000E+00 |  0.0312449472 |             f
   172 |    34400 |     17 |  0.000000E+00 |  0.000000E+00 |  0.000000E+00 |             f
   173 |    34600 |     18 |  0.000000E+00 |  0.000000E+00 |  0.1014706860 |         ideal
   174 |    34800 |     19 |  0.000000E+00 |  0.000000E+00 |  0.0252175772 |             f
   175 |    35000 |     18 |  0.000000E+00 |  0.000000E+00 |  0.0076181420 |         ideal
   176 |    35200 |     19 |  0.000000E+00 |  0.000000E+00 |  0.0118883613 |             f
   177 |    35400 |     19 |  0.000000E+00 |  0.000000E+00 |  0.0221953998 |             f
   178 |    35600 |     18 |  0.000000E+00 |  0.000000E+00 |  0.0301152192 |         ideal
   179 |    35800 |     18 |  0.000000E+00 |  0.000000E+00 |  0.1422633292 |         ideal
   180 |    36000 |     18 |  0.000000E+00 |  0.000000E+00 |  0.2025298763 |         nadir
   181 |    36200 |     19 |  0.000000E+00 |  0.000000E+00 |  0.0100140977 |             f
   182 |    36400 |     20 |  0.000000E+00 |  0.000000E+00 |  0.0522875817 |         ideal
   183 |    36600 |     19 |  0.000000E+00 |  0.000000E+00 |  0.0121275902 |             f
   184 |    36800 |     17 |  0.000000E+00 |  0.000000E+00 |  0.0064935065 |         ideal
   185 |    37000 |     19 |  0.000000E+00 |  0.000000E+00 |  0.0355789214 |             f
   186 |    37200 |     11 |  0.000000E+00 |  0.000000E+00 |  0.2248800335 |         ideal
   187 |    37400 |      9 |  0.000000E+00 |  0.000000E+00 |  0.0069444444 |         ideal
   188 |    37600 |     13 |  0.000000E+00 |  0.000000E+00 |  0.1741331511 |         ideal
   189 |    37800 |     14 |  0.000000E+00 |  0.000000E+00 |  0.0390989622 |         ideal
   190 |    38000 |     13 |  0.000000E+00 |  0.000000E+00 |  0.0014560975 |             f
   191 |    38200 |     14 |  0.000000E+00 |  0.000000E+00 |  0.1158536585 |         ideal
   192 |    38400 |     15 |  0.000000E+00 |  0.000000E+00 |  0.0789473684 |         nadir
   193 |    38600 |     13 |  0.000000E+00 |  0.000000E+00 |  0.0731707317 |         nadir
   194 |    38800 |     16 |  0.000000E+00 |  0.000000E+00 |  0.0720941741 |         ideal
   195 |    39000 |     15 |  0.000000E+00 |  0.000000E+00 |  0.000000E+00 |             f
   196 |    39200 |     14 |  0.000000E+00 |  0.000000E+00 |  0.0019708135 |             f
   197 |    39400 |     15 |  0.000000E+00 |  0.000000E+00 |  0.0127388535 |         ideal
   198 |    39600 |     16 |  0.000000E+00 |  0.000000E+00 |  0.0100041570 |         ideal
   199 |    39800 |     16 |  0.000000E+00 |  0.000000E+00 |  0.0047260260 |             f
   200 |    40000 |     15 |  0.000000E+00 |  0.000000E+00 |  0.1428459235 |         nadir
   201 |    40200 |     14 |  0.000000E+00 |  0.000000E+00 |  0.0261607001 |         ideal
   202 |    40400 |     13 |  0.000000E+00 |  0.000000E+00 |  0.000000E+00 |             f
   203 |    40600 |     14 |  0.000000E+00 |  0.000000E+00 |  0.0106947678 |         nadir
   204 |    40800 |     16 |  0.000000E+00 |  0.000000E+00 |  0.0129870130 |         ideal
   205 |    41000 |     16 |  0.000000E+00 |  0.000000E+00 |  0.0131578947 |         ideal
   206 |    41200 |     14 |  0.000000E+00 |  0.000000E+00 |  0.0304363621 |         ideal
   207 |    41400 |     18 |  0.000000E+00 |  0.000000E+00 |  0.0136054422 |         ideal
   208 |    41600 |     18 |  0.000000E+00 |  0.000000E+00 |  0.0186390183 |         ideal
   209 |    41800 |     19 |  0.000000E+00 |  0.000000E+00 |  0.0119375290 |             f
   210 |    42000 |     19 |  0.000000E+00 |  0.000000E+00 |  0.0478998345 |         nadir
   211 |    42200 |     18 |  0.000000E+00 |  0.000000E+00 |  0.0504940406 |         ideal
   212 |    42400 |     18 |  0.000000E+00 |  0.000000E+00 |  0.0268456376 |         ideal
   213 |    42600 |     20 |  0.000000E+00 |  0.000000E+00 |  0.0668505117 |         nadir
   214 |    42800 |     14 |  0.000000E+00 |  0.000000E+00 |  0.0620200374 |         ideal
   215 |    43000 |     16 |  0.000000E+00 |  0.000000E+00 |  0.0069263241 |         nadir
   216 |    43200 |     12 |  0.000000E+00 |  0.000000E+00 |  0.0453714404 |         nadir
   217 |    43400 |     15 |  0.000000E+00 |  0.000000E+00 |  0.0208984053 |         nadir
   218 |    43600 |     16 |  0.000000E+00 |  0.000000E+00 |  0.0583981801 |         ideal
   219 |    43800 |     16 |  0.000000E+00 |  0.000000E+00 |  0.0036671426 |             f
   220 |    44000 |     16 |  0.000000E+00 |  0.000000E+00 |  0.0188300419 |             f
   221 |    44200 |     16 |  0.000000E+00 |  0.000000E+00 |  0.000000E+00 |             f
   222 |    44400 |     13 |  0.000000E+00 |  0.000000E+00 |  0.0014360442 |             f
   223 |    44600 |     13 |  0.000000E+00 |  0.000000E+00 |  0.1104294479 |         nadir
   224 |    44800 |     15 |  0.000000E+00 |  0.000000E+00 |  0.0369659552 |             f
   225 |    45000 |     15 |  0.000000E+00 |  0.000000E+00 |  0.0127038827 |             f
   226 |    45200 |     16 |  0.000000E+00 |  0.000000E+00 |  0.0110554245 |             f
   227 |    45400 |     16 |  0.000000E+00 |  0.000000E+00 |  0.0030203930 |         ideal
   228 |    45600 |     15 |  0.000000E+00 |  0.000000E+00 |  0.000000E+00 |             f
   229 |    45800 |     16 |  0.000000E+00 |  0.000000E+00 |  0.0141707986 |             f
   230 |    46000 |     15 |  0.000000E+00 |  0.000000E+00 |  0.1149510090 |         nadir
   231 |    46200 |     14 |  0.000000E+00 |  0.000000E+00 |  0.0057142857 |         ideal
   232 |    46400 |     12 |  0.000000E+00 |  0.000000E+00 |  0.0057471264 |         ideal
   233 |    46600 |     12 |  0.000000E+00 |  0.000000E+00 |  0.0057142857 |         ideal
   234 |    46800 |     13 |  0.000000E+00 |  0.000000E+00 |  0.0236004025 |             f
   235 |    47000 |     12 |  0.000000E+00 |  0.000000E+00 |  0.5580879606 |         nadir
   236 |    47200 |     14 |  0.000000E+00 |  0.000000E+00 |  0.1517597731 |         nadir
   237 |    47400 |     10 |  0.000000E+00 |  0.000000E+00 |  0.0416666667 |         ideal
   238 |    47600 |     12 |  0.000000E+00 |  0.000000E+00 |  0.0344827586 |         ideal
   239 |    47800 |     11 |  0.000000E+00 |  0.000000E+00 |  0.0619571070 |         ideal
   240 |    48000 |     11 |  0.000000E+00 |  0.000000E+00 |  0.0000893565 |             f
   241 |    48200 |     11 |  0.000000E+00 |  0.000000E+00 |  0.0660493325 |         ideal
   242 |    48400 |     12 |  0.000000E+00 |  0.000000E+00 |  0.0610200742 |         ideal
   243 |    48600 |     12 |  0.000000E+00 |  0.000000E+00 |  0.0294858223 |         ideal
   244 |    48800 |     13 |  0.000000E+00 |  0.000000E+00 |  0.0296303173 |         ideal
   245 |    49000 |     14 |  0.000000E+00 |  0.000000E+00 |  0.0172356045 |             f
   246 |    49200 |     12 |  0.000000E+00 |  0.000000E+00 |  0.0070422535 |         ideal
   247 |    49400 |     12 |  0.000000E+00 |  0.000000E+00 |  0.0091956887 |             f
   248 |    49600 |     13 |  0.000000E+00 |  0.000000E+00 |  0.0481541939 |         ideal
   249 |    49800 |     14 |  0.000000E+00 |  0.000000E+00 |  0.0685277016 |         nadir
   250 |    50000 |     12 |  0.000000E+00 |  0.000000E+00 |  0.0366972477 |         ideal
   251 |    50200 |     10 |  0.000000E+00 |  0.000000E+00 |  0.0180180180 |         ideal
   252 |    50400 |     12 |  0.000000E+00 |  0.000000E+00 |  0.0543954619 |         ideal
   253 |    50600 |     13 |  0.000000E+00 |  0.000000E+00 |  0.0791406086 |         nadir
   254 |    50800 |     12 |  0.000000E+00 |  0.000000E+00 |  0.0250000000 |         ideal
   255 |    51000 |     14 |  0.000000E+00 |  0.000000E+00 |  0.0269495062 |             f
   256 |    51200 |     14 |  0.000000E+00 |  0.000000E+00 |  0.000000E+00 |             f
   257 |    51400 |     14 |  0.000000E+00 |  0.000000E+00 |  0.000000E+00 |             f
   258 |    51600 |     14 |  0.000000E+00 |  0.000000E+00 |  0.0080652454 |             f
   259 |    51800 |     14 |  0.000000E+00 |  0.000000E+00 |  0.0322580645 |         ideal
   260 |    52000 |     14 |  0.000000E+00 |  0.000000E+00 |  0.0030280807 |         ideal
   261 |    52200 |     14 |  0.000000E+00 |  0.000000E+00 |  0.0152806458 |         nadir
   262 |    52400 |     14 |  0.000000E+00 |  0.000000E+00 |  0.0416666667 |         ideal
   263 |    52600 |     14 |  0.000000E+00 |  0.000000E+00 |  0.0588235294 |         ideal
   264 |    52800 |     16 |  0.000000E+00 |  0.000000E+00 |  0.0026722721 |         ideal
   265 |    53000 |     16 |  0.000000E+00 |  0.000000E+00 |  0.0619204119 |         nadir
   266 |    53200 |     16 |  0.000000E+00 |  0.000000E+00 |  0.0658323803 |         nadir
   267 |    53400 |     17 |  0.000000E+00 |  0.000000E+00 |  0.0980677900 |         nadir
   268 |    53600 |     17 |  0.000000E+00 |  0.000000E+00 |  0.0991113406 |         nadir
   269 |    53800 |     17 |  0.000000E+00 |  0.000000E+00 |  0.0097813438 |             f
   270 |    54000 |     17 |  0.000000E+00 |  0.000000E+00 |  0.000000E+00 |             f
   271 |    54200 |     15 |  0.000000E+00 |  0.000000E+00 |  0.0008785364 |             f
   272 |    54400 |     16 |  0.000000E+00 |  0.000000E+00 |  0.0159512463 |             f
   273 |    54600 |     16 |  0.000000E+00 |  0.000000E+00 |  0.000000E+00 |             f
   274 |    54800 |     16 |  0.000000E+00 |  0.000000E+00 |  0.0029502452 |         ideal
   275 |    55000 |     18 |  0.000000E+00 |  0.000000E+00 |  0.0196078431 |         ideal
   276 |    55200 |     16 |  0.000000E+00 |  0.000000E+00 |  0.0196078431 |         ideal
   277 |    55400 |     16 |  0.000000E+00 |  0.000000E+00 |  0.0028757054 |         ideal
   278 |    55600 |     13 |  0.000000E+00 |  0.000000E+00 |  0.0219622992 |             f
   279 |    55800 |     15 |  0.000000E+00 |  0.000000E+00 |  0.0065359477 |         ideal
   280 |    56000 |     15 |  0.000000E+00 |  0.000000E+00 |  0.0026809951 |             f
   281 |    56200 |     16 |  0.000000E+00 |  0.000000E+00 |  0.0443051403 |         nadir
   282 |    56400 |     16 |  0.000000E+00 |  0.000000E+00 |  0.0346432483 |         ideal
   283 |    56600 |     16 |  0.000000E+00 |  0.000000E+00 |  0.0125786164 |         ideal
   284 |    56800 |     16 |  0.000000E+00 |  0.000000E+00 |  0.0063291139 |         ideal
   285 |    57000 |     15 |  0.000000E+00 |  0.000000E+00 |  0.1057861259 |         nadir
   286 |    57200 |     14 |  0.000000E+00 |  0.000000E+00 |  0.0084677441 |         ideal
   287 |    57400 |     16 |  0.000000E+00 |  0.000000E+00 |  0.0064102564 |         ideal
   288 |    57600 |     14 |  0.000000E+00 |  0.000000E+00 |  0.0479059527 |         nadir
   289 |    57800 |     15 |  0.000000E+00 |  0.000000E+00 |  0.0148327593 |         nadir
   290 |    58000 |     15 |  0.000000E+00 |  0.000000E+00 |  0.0285004758 |         ideal
   291 |    58200 |     15 |  0.000000E+00 |  0.000000E+00 |  0.0052830046 |             f
   292 |    58400 |     15 |  0.000000E+00 |  0.000000E+00 |  0.0000560785 |             f
   293 |    58600 |     15 |  0.000000E+00 |  0.000000E+00 |  0.0063694268 |         ideal
   294 |    58800 |     15 |  0.000000E+00 |  0.000000E+00 |  0.0064937984 |             f
   295 |    59000 |     15 |  0.000000E+00 |  0.000000E+00 |  0.0248447205 |         ideal
   296 |    59200 |     15 |  0.000000E+00 |  0.000000E+00 |  0.0643894542 |         nadir
   297 |    59400 |     14 |  0.000000E+00 |  0.000000E+00 |  0.0277410492 |             f
   298 |    59600 |     14 |  0.000000E+00 |  0.000000E+00 |  0.0039983604 |             f
   299 |    59800 |     15 |  0.000000E+00 |  0.000000E+00 |  0.0387096774 |         ideal
   300 |    60000 |     14 |  0.000000E+00 |  0.000000E+00 |  0.0372670807 |         ideal
  NSGA-III   : 14 solutions en 406.3s
  QI-NSGA-III: 87 solutions en 130.6s
==========================================================================================
n_gen  |  n_eval  | n_nds  |     cv_min    |     cv_avg    |      eps      |   indicator  
==========================================================================================
     1 |      165 |     10 |  0.000000E+00 |  7.6530013553 |             - |             -
     2 |      330 |    136 |  0.000000E+00 |  0.000000E+00 |  0.9463838293 |         ideal
     3 |      495 |     71 |  0.000000E+00 |  0.000000E+00 |  1.1585860988 |         ideal
     4 |      660 |    137 |  0.000000E+00 |  0.000000E+00 |  7.0000000000 |         ideal
     5 |      825 |     61 |  0.000000E+00 |  0.000000E+00 |  1.0000000000 |         ideal
     6 |      990 |    104 |  0.000000E+00 |  0.000000E+00 |  0.1540353187 |         ideal
     7 |     1155 |    123 |  0.000000E+00 |  0.000000E+00 |  0.6842105263 |         ideal
     8 |     1320 |     67 |  0.000000E+00 |  0.000000E+00 |  0.9855850027 |         ideal
     9 |     1485 |    137 |  0.000000E+00 |  0.000000E+00 |  0.0454545455 |         ideal
    10 |     1650 |    136 |  0.000000E+00 |  0.000000E+00 |  0.3701932181 |         ideal
    11 |     1815 |    145 |  0.000000E+00 |  0.000000E+00 |  0.2160556660 |         ideal
    12 |     1980 |    124 |  0.000000E+00 |  0.000000E+00 |  1.9232319255 |         ideal
    13 |     2145 |     56 |  0.000000E+00 |  0.000000E+00 |  0.1691758513 |         ideal
    14 |     2310 |     29 |  0.000000E+00 |  0.000000E+00 |  0.0588235294 |         ideal
    15 |     2475 |     53 |  0.000000E+00 |  0.000000E+00 |  0.5325057643 |         ideal
    16 |     2640 |     97 |  0.000000E+00 |  0.000000E+00 |  0.5909917394 |         nadir
    17 |     2805 |    128 |  0.000000E+00 |  0.000000E+00 |  0.0868430492 |         ideal
    18 |     2970 |    133 |  0.000000E+00 |  0.000000E+00 |  0.0784313725 |         ideal
    19 |     3135 |    114 |  0.000000E+00 |  0.000000E+00 |  0.1089994795 |         ideal
    20 |     3300 |     96 |  0.000000E+00 |  0.000000E+00 |  0.0087084239 |         ideal
    21 |     3465 |     99 |  0.000000E+00 |  0.000000E+00 |  0.0568586262 |         ideal
    22 |     3630 |    122 |  0.000000E+00 |  0.000000E+00 |  0.0754716981 |         ideal
    23 |     3795 |    132 |  0.000000E+00 |  0.000000E+00 |  0.1451612903 |         ideal
    24 |     3960 |     95 |  0.000000E+00 |  0.000000E+00 |  0.1272829710 |         ideal
    25 |     4125 |    140 |  0.000000E+00 |  0.000000E+00 |  0.1224489796 |         ideal
    26 |     4290 |    105 |  0.000000E+00 |  0.000000E+00 |  0.0399403603 |         ideal
    27 |     4455 |     88 |  0.000000E+00 |  0.000000E+00 |  0.0647678726 |         ideal
    28 |     4620 |     97 |  0.000000E+00 |  0.000000E+00 |  0.0149332865 |             f
    29 |     4785 |     87 |  0.000000E+00 |  0.000000E+00 |  0.0103187320 |             f
    30 |     4950 |    121 |  0.000000E+00 |  0.000000E+00 |  0.0116962587 |         ideal
    31 |     5115 |    126 |  0.000000E+00 |  0.000000E+00 |  0.0833337207 |         ideal
    32 |     5280 |    118 |  0.000000E+00 |  0.000000E+00 |  0.0171485168 |             f
    33 |     5445 |     81 |  0.000000E+00 |  0.000000E+00 |  0.0559160885 |         nadir
    34 |     5610 |     91 |  0.000000E+00 |  0.000000E+00 |  0.0074556913 |             f
    35 |     5775 |     74 |  0.000000E+00 |  0.000000E+00 |  0.1664252615 |         ideal
    36 |     5940 |     82 |  0.000000E+00 |  0.000000E+00 |  0.0666033589 |         ideal
    37 |     6105 |     77 |  0.000000E+00 |  0.000000E+00 |  0.0106341359 |         ideal
    38 |     6270 |     89 |  0.000000E+00 |  0.000000E+00 |  0.1219512195 |         ideal
    39 |     6435 |     80 |  0.000000E+00 |  0.000000E+00 |  0.1851761229 |         nadir
    40 |     6600 |     75 |  0.000000E+00 |  0.000000E+00 |  0.0740356419 |         ideal
    41 |     6765 |     94 |  0.000000E+00 |  0.000000E+00 |  0.0120481928 |         ideal
    42 |     6930 |     71 |  0.000000E+00 |  0.000000E+00 |  0.2315833466 |         ideal
    43 |     7095 |    116 |  0.000000E+00 |  0.000000E+00 |  0.1194953982 |         ideal
    44 |     7260 |     84 |  0.000000E+00 |  0.000000E+00 |  0.0855768559 |         ideal
    45 |     7425 |    121 |  0.000000E+00 |  0.000000E+00 |  0.0653614185 |             f
    46 |     7590 |    122 |  0.000000E+00 |  0.000000E+00 |  0.0752210400 |         ideal
    47 |     7755 |    113 |  0.000000E+00 |  0.000000E+00 |  0.0100599399 |         ideal
    48 |     7920 |    122 |  0.000000E+00 |  0.000000E+00 |  0.0161962109 |             f
    49 |     8085 |    100 |  0.000000E+00 |  0.000000E+00 |  0.0092373302 |         ideal
    50 |     8250 |    134 |  0.000000E+00 |  0.000000E+00 |  0.0121140522 |             f
    51 |     8415 |    137 |  0.000000E+00 |  0.000000E+00 |  0.0151236789 |             f
    52 |     8580 |    147 |  0.000000E+00 |  0.000000E+00 |  0.0044679510 |         ideal
    53 |     8745 |    122 |  0.000000E+00 |  0.000000E+00 |  0.3967298938 |         nadir
    54 |     8910 |    139 |  0.000000E+00 |  0.000000E+00 |  0.0166330395 |         ideal
    55 |     9075 |    138 |  0.000000E+00 |  0.000000E+00 |  0.0052296251 |             f
    56 |     9240 |    145 |  0.000000E+00 |  0.000000E+00 |  0.1428571429 |         ideal
    57 |     9405 |    145 |  0.000000E+00 |  0.000000E+00 |  0.2840909091 |         nadir
    58 |     9570 |    144 |  0.000000E+00 |  0.000000E+00 |  0.0271807111 |         ideal
    59 |     9735 |    112 |  0.000000E+00 |  0.000000E+00 |  0.0044262985 |             f
    60 |     9900 |    121 |  0.000000E+00 |  0.000000E+00 |  0.0134336333 |             f
    61 |    10065 |    116 |  0.000000E+00 |  0.000000E+00 |  0.0071500633 |             f
    62 |    10230 |    104 |  0.000000E+00 |  0.000000E+00 |  0.0036791465 |             f
    63 |    10395 |    104 |  0.000000E+00 |  0.000000E+00 |  0.0310639587 |             f
    64 |    10560 |     97 |  0.000000E+00 |  0.000000E+00 |  0.0127175903 |         ideal
    65 |    10725 |     95 |  0.000000E+00 |  0.000000E+00 |  0.0747406120 |         ideal
    66 |    10890 |    119 |  0.000000E+00 |  0.000000E+00 |  0.0229191038 |         ideal
    67 |    11055 |    140 |  0.000000E+00 |  0.000000E+00 |  0.1060559343 |         nadir
    68 |    11220 |    117 |  0.000000E+00 |  0.000000E+00 |  0.1163524451 |         ideal
    69 |    11385 |    126 |  0.000000E+00 |  0.000000E+00 |  0.0476190476 |         ideal
    70 |    11550 |    140 |  0.000000E+00 |  0.000000E+00 |  0.0962176987 |         ideal
    71 |    11715 |    134 |  0.000000E+00 |  0.000000E+00 |  0.0085873350 |         ideal
    72 |    11880 |    132 |  0.000000E+00 |  0.000000E+00 |  0.0514013493 |         ideal
    73 |    12045 |    115 |  0.000000E+00 |  0.000000E+00 |  0.0341654774 |         nadir
    74 |    12210 |    104 |  0.000000E+00 |  0.000000E+00 |  0.0617827440 |         ideal
    75 |    12375 |    117 |  0.000000E+00 |  0.000000E+00 |  0.0447761194 |         ideal
    76 |    12540 |    108 |  0.000000E+00 |  0.000000E+00 |  0.0737923663 |         ideal
    77 |    12705 |     94 |  0.000000E+00 |  0.000000E+00 |  0.0289855072 |         ideal
    78 |    12870 |    117 |  0.000000E+00 |  0.000000E+00 |  0.0206155721 |         ideal
    79 |    13035 |    127 |  0.000000E+00 |  0.000000E+00 |  0.0547945205 |         ideal
    80 |    13200 |    137 |  0.000000E+00 |  0.000000E+00 |  0.1176561972 |         nadir
    81 |    13365 |    137 |  0.000000E+00 |  0.000000E+00 |  0.0166318031 |         ideal
    82 |    13530 |    137 |  0.000000E+00 |  0.000000E+00 |  0.0103795267 |             f
    83 |    13695 |    135 |  0.000000E+00 |  0.000000E+00 |  0.0759493671 |         ideal
    84 |    13860 |    123 |  0.000000E+00 |  0.000000E+00 |  0.0055391909 |         ideal
    85 |    14025 |    136 |  0.000000E+00 |  0.000000E+00 |  0.0107526882 |         ideal
    86 |    14190 |    139 |  0.000000E+00 |  0.000000E+00 |  0.0125000000 |         ideal
    87 |    14355 |    146 |  0.000000E+00 |  0.000000E+00 |  0.0016350400 |             f
    88 |    14520 |    148 |  0.000000E+00 |  0.000000E+00 |  0.0043056033 |             f
    89 |    14685 |    148 |  0.000000E+00 |  0.000000E+00 |  0.0024182329 |             f
    90 |    14850 |    148 |  0.000000E+00 |  0.000000E+00 |  0.0091117655 |             f
    91 |    15015 |    150 |  0.000000E+00 |  0.000000E+00 |  0.0019540482 |             f
    92 |    15180 |    138 |  0.000000E+00 |  0.000000E+00 |  0.0113199070 |             f
    93 |    15345 |    144 |  0.000000E+00 |  0.000000E+00 |  0.0407258938 |         nadir
    94 |    15510 |    145 |  0.000000E+00 |  0.000000E+00 |  0.0157489600 |         ideal
    95 |    15675 |    145 |  0.000000E+00 |  0.000000E+00 |  0.2270992039 |         ideal
    96 |    15840 |    140 |  0.000000E+00 |  0.000000E+00 |  0.0240963855 |         ideal
    97 |    16005 |    149 |  0.000000E+00 |  0.000000E+00 |  0.1388208298 |         ideal
    98 |    16170 |    149 |  0.000000E+00 |  0.000000E+00 |  0.0103092784 |         ideal
    99 |    16335 |    135 |  0.000000E+00 |  0.000000E+00 |  0.0484012259 |         ideal
   100 |    16500 |    134 |  0.000000E+00 |  0.000000E+00 |  0.0588235294 |         nadir
   101 |    16665 |    143 |  0.000000E+00 |  0.000000E+00 |  0.0688699522 |         ideal
   102 |    16830 |    146 |  0.000000E+00 |  0.000000E+00 |  0.0160152033 |         nadir
   103 |    16995 |    128 |  0.000000E+00 |  0.000000E+00 |  0.0202814171 |         ideal
   104 |    17160 |    152 |  0.000000E+00 |  0.000000E+00 |  0.2152727047 |         nadir
   105 |    17325 |    143 |  0.000000E+00 |  0.000000E+00 |  0.0374699067 |         ideal
   106 |    17490 |    125 |  0.000000E+00 |  0.000000E+00 |  0.0116518981 |             f
   107 |    17655 |    127 |  0.000000E+00 |  0.000000E+00 |  0.0334519977 |         nadir
   108 |    17820 |    134 |  0.000000E+00 |  0.000000E+00 |  0.0058851363 |         nadir
   109 |    17985 |    140 |  0.000000E+00 |  0.000000E+00 |  0.2282900267 |         nadir
   110 |    18150 |    144 |  0.000000E+00 |  0.000000E+00 |  0.0042925763 |             f
   111 |    18315 |    149 |  0.000000E+00 |  0.000000E+00 |  0.0060309824 |         ideal
   112 |    18480 |    122 |  0.000000E+00 |  0.000000E+00 |  0.0005699526 |             f
   113 |    18645 |    107 |  0.000000E+00 |  0.000000E+00 |  0.0023467640 |             f
   114 |    18810 |    122 |  0.000000E+00 |  0.000000E+00 |  0.2934175101 |         nadir
   115 |    18975 |    126 |  0.000000E+00 |  0.000000E+00 |  0.0543833620 |         ideal
   116 |    19140 |    125 |  0.000000E+00 |  0.000000E+00 |  0.0486202185 |         ideal
   117 |    19305 |    127 |  0.000000E+00 |  0.000000E+00 |  0.0433434316 |         ideal
   118 |    19470 |    129 |  0.000000E+00 |  0.000000E+00 |  0.0284597497 |         ideal
   119 |    19635 |    126 |  0.000000E+00 |  0.000000E+00 |  0.0119475738 |             f
   120 |    19800 |    118 |  0.000000E+00 |  0.000000E+00 |  0.0312512696 |         ideal
   121 |    19965 |    134 |  0.000000E+00 |  0.000000E+00 |  0.0225400013 |         ideal
   122 |    20130 |    136 |  0.000000E+00 |  0.000000E+00 |  0.0025937234 |             f
   123 |    20295 |    109 |  0.000000E+00 |  0.000000E+00 |  0.0000514396 |             f
   124 |    20460 |    106 |  0.000000E+00 |  0.000000E+00 |  0.0033016207 |             f
   125 |    20625 |    101 |  0.000000E+00 |  0.000000E+00 |  0.0060441437 |             f
   126 |    20790 |    100 |  0.000000E+00 |  0.000000E+00 |  0.0016087430 |             f
   127 |    20955 |    103 |  0.000000E+00 |  0.000000E+00 |  0.0115112958 |             f
   128 |    21120 |    107 |  0.000000E+00 |  0.000000E+00 |  0.2076327776 |         nadir
   129 |    21285 |    112 |  0.000000E+00 |  0.000000E+00 |  0.0053536437 |             f
   130 |    21450 |    123 |  0.000000E+00 |  0.000000E+00 |  0.0186915888 |         ideal
   131 |    21615 |    114 |  0.000000E+00 |  0.000000E+00 |  0.0095710227 |             f
   132 |    21780 |    112 |  0.000000E+00 |  0.000000E+00 |  0.0051526695 |             f
   133 |    21945 |    124 |  0.000000E+00 |  0.000000E+00 |  0.0023216642 |             f
   134 |    22110 |    131 |  0.000000E+00 |  0.000000E+00 |  0.0169806377 |         ideal
   135 |    22275 |    142 |  0.000000E+00 |  0.000000E+00 |  0.0117574141 |         ideal
   136 |    22440 |    149 |  0.000000E+00 |  0.000000E+00 |  0.0020595065 |             f
   137 |    22605 |    151 |  0.000000E+00 |  0.000000E+00 |  0.0112189997 |         ideal
   138 |    22770 |    149 |  0.000000E+00 |  0.000000E+00 |  0.0095664983 |             f
   139 |    22935 |    149 |  0.000000E+00 |  0.000000E+00 |  0.000000E+00 |             f
   140 |    23100 |    128 |  0.000000E+00 |  0.000000E+00 |  0.0035229832 |             f
   141 |    23265 |    136 |  0.000000E+00 |  0.000000E+00 |  0.0140996228 |         ideal
   142 |    23430 |    140 |  0.000000E+00 |  0.000000E+00 |  0.0004018938 |             f
   143 |    23595 |    145 |  0.000000E+00 |  0.000000E+00 |  0.0038299245 |             f
   144 |    23760 |    146 |  0.000000E+00 |  0.000000E+00 |  0.0045885877 |             f
   145 |    23925 |    148 |  0.000000E+00 |  0.000000E+00 |  0.0001900849 |             f
   146 |    24090 |    148 |  0.000000E+00 |  0.000000E+00 |  0.0018728389 |             f
   147 |    24255 |    149 |  0.000000E+00 |  0.000000E+00 |  0.0027182062 |             f
   148 |    24420 |    137 |  0.000000E+00 |  0.000000E+00 |  0.0015127513 |             f
   149 |    24585 |    143 |  0.000000E+00 |  0.000000E+00 |  0.0072530535 |             f
   150 |    24750 |    129 |  0.000000E+00 |  0.000000E+00 |  0.0114333406 |         ideal
   151 |    24915 |    114 |  0.000000E+00 |  0.000000E+00 |  0.0009204323 |             f
   152 |    25080 |    122 |  0.000000E+00 |  0.000000E+00 |  0.0106486378 |             f
   153 |    25245 |    133 |  0.000000E+00 |  0.000000E+00 |  0.0035543463 |             f
   154 |    25410 |    133 |  0.000000E+00 |  0.000000E+00 |  0.0092592593 |         ideal
   155 |    25575 |    138 |  0.000000E+00 |  0.000000E+00 |  0.000000E+00 |             f
   156 |    25740 |    137 |  0.000000E+00 |  0.000000E+00 |  0.000000E+00 |             f
   157 |    25905 |    139 |  0.000000E+00 |  0.000000E+00 |  0.0022018605 |             f
   158 |    26070 |    129 |  0.000000E+00 |  0.000000E+00 |  0.0720673144 |         nadir
   159 |    26235 |    141 |  0.000000E+00 |  0.000000E+00 |  0.0270270270 |         ideal
   160 |    26400 |    144 |  0.000000E+00 |  0.000000E+00 |  0.0135802179 |         ideal
   161 |    26565 |    147 |  0.000000E+00 |  0.000000E+00 |  0.0034254003 |         ideal
   162 |    26730 |    151 |  0.000000E+00 |  0.000000E+00 |  0.0255198154 |         nadir
   163 |    26895 |    151 |  0.000000E+00 |  0.000000E+00 |  0.0014199908 |             f
   164 |    27060 |    130 |  0.000000E+00 |  0.000000E+00 |  0.0160322050 |         ideal
   165 |    27225 |    132 |  0.000000E+00 |  0.000000E+00 |  0.0143700473 |         ideal
   166 |    27390 |    136 |  0.000000E+00 |  0.000000E+00 |  0.0096153846 |         nadir
   167 |    27555 |    147 |  0.000000E+00 |  0.000000E+00 |  0.0001264427 |             f
   168 |    27720 |    153 |  0.000000E+00 |  0.000000E+00 |  0.0146032205 |         ideal
   169 |    27885 |    152 |  0.000000E+00 |  0.000000E+00 |  0.0028667083 |             f
   170 |    28050 |    151 |  0.000000E+00 |  0.000000E+00 |  0.0002884719 |             f
   171 |    28215 |    147 |  0.000000E+00 |  0.000000E+00 |  0.0034857484 |         ideal
   172 |    28380 |    150 |  0.000000E+00 |  0.000000E+00 |  0.0025532134 |             f
   173 |    28545 |    150 |  0.000000E+00 |  0.000000E+00 |  0.0002903123 |             f
   174 |    28710 |    143 |  0.000000E+00 |  0.000000E+00 |  0.0043269441 |             f
   175 |    28875 |    145 |  0.000000E+00 |  0.000000E+00 |  0.0033233799 |             f
   176 |    29040 |    145 |  0.000000E+00 |  0.000000E+00 |  0.0028686864 |             f
   177 |    29205 |    145 |  0.000000E+00 |  0.000000E+00 |  0.0010596025 |             f
   178 |    29370 |    143 |  0.000000E+00 |  0.000000E+00 |  0.0024499225 |             f
   179 |    29535 |    144 |  0.000000E+00 |  0.000000E+00 |  0.0065816469 |             f
   180 |    29700 |    149 |  0.000000E+00 |  0.000000E+00 |  0.0745553747 |         ideal
   181 |    29865 |    151 |  0.000000E+00 |  0.000000E+00 |  0.0097087379 |         nadir
   182 |    30030 |    150 |  0.000000E+00 |  0.000000E+00 |  0.0011291353 |             f
   183 |    30195 |    150 |  0.000000E+00 |  0.000000E+00 |  0.0011291353 |             f
   184 |    30360 |    149 |  0.000000E+00 |  0.000000E+00 |  0.0198019802 |         nadir
   185 |    30525 |    148 |  0.000000E+00 |  0.000000E+00 |  0.0007814367 |             f
   186 |    30690 |    149 |  0.000000E+00 |  0.000000E+00 |  0.0007761922 |             f
   187 |    30855 |    151 |  0.000000E+00 |  0.000000E+00 |  0.0009189097 |             f
   188 |    31020 |    151 |  0.000000E+00 |  0.000000E+00 |  0.0018299851 |             f
   189 |    31185 |    151 |  0.000000E+00 |  0.000000E+00 |  0.0031421285 |             f
   190 |    31350 |    152 |  0.000000E+00 |  0.000000E+00 |  0.0250789359 |             f
   191 |    31515 |    146 |  0.000000E+00 |  0.000000E+00 |  0.0155127478 |         ideal
   192 |    31680 |    147 |  0.000000E+00 |  0.000000E+00 |  0.0979992995 |         nadir
   193 |    31845 |    147 |  0.000000E+00 |  0.000000E+00 |  0.0086815269 |             f
   194 |    32010 |    147 |  0.000000E+00 |  0.000000E+00 |  0.0001888765 |             f
   195 |    32175 |    144 |  0.000000E+00 |  0.000000E+00 |  0.0003554593 |             f
   196 |    32340 |    147 |  0.000000E+00 |  0.000000E+00 |  0.0023129700 |             f
   197 |    32505 |    147 |  0.000000E+00 |  0.000000E+00 |  0.0027603137 |             f
   198 |    32670 |    150 |  0.000000E+00 |  0.000000E+00 |  0.0001045431 |             f
   199 |    32835 |    148 |  0.000000E+00 |  0.000000E+00 |  0.0070470576 |             f
   200 |    33000 |    150 |  0.000000E+00 |  0.000000E+00 |  0.0198702902 |             f
   201 |    33165 |    146 |  0.000000E+00 |  0.000000E+00 |  0.0008657601 |             f
   202 |    33330 |    153 |  0.000000E+00 |  0.000000E+00 |  0.0098039216 |         ideal
   203 |    33495 |    149 |  0.000000E+00 |  0.000000E+00 |  0.0973451327 |         nadir
   204 |    33660 |    151 |  0.000000E+00 |  0.000000E+00 |  0.000000E+00 |             f
   205 |    33825 |    154 |  0.000000E+00 |  0.000000E+00 |  0.0440961816 |         nadir
   206 |    33990 |    157 |  0.000000E+00 |  0.000000E+00 |  0.1031746032 |         nadir
   207 |    34155 |    155 |  0.000000E+00 |  0.000000E+00 |  0.0004816513 |             f
   208 |    34320 |    157 |  0.000000E+00 |  0.000000E+00 |  0.0028411733 |             f
   209 |    34485 |    155 |  0.000000E+00 |  0.000000E+00 |  0.0015889795 |             f
   210 |    34650 |    155 |  0.000000E+00 |  0.000000E+00 |  0.0021481443 |             f
   211 |    34815 |    119 |  0.000000E+00 |  0.000000E+00 |  0.1389253945 |         ideal
   212 |    34980 |    152 |  0.000000E+00 |  0.000000E+00 |  0.1150442478 |         nadir
   213 |    35145 |    156 |  0.000000E+00 |  0.000000E+00 |  0.0483251335 |             f
   214 |    35310 |    145 |  0.000000E+00 |  0.000000E+00 |  0.0015656575 |             f
   215 |    35475 |    148 |  0.000000E+00 |  0.000000E+00 |  0.0106548169 |             f
   216 |    35640 |    145 |  0.000000E+00 |  0.000000E+00 |  0.0127176460 |         nadir
   217 |    35805 |    151 |  0.000000E+00 |  0.000000E+00 |  0.0004528608 |             f
   218 |    35970 |    153 |  0.000000E+00 |  0.000000E+00 |  0.0021415755 |             f
   219 |    36135 |    154 |  0.000000E+00 |  0.000000E+00 |  0.0028224920 |             f
   220 |    36300 |    152 |  0.000000E+00 |  0.000000E+00 |  0.0043959401 |             f
   221 |    36465 |    154 |  0.000000E+00 |  0.000000E+00 |  0.0181825771 |             f
   222 |    36630 |    152 |  0.000000E+00 |  0.000000E+00 |  0.0000244043 |             f
   223 |    36795 |    153 |  0.000000E+00 |  0.000000E+00 |  0.0004671957 |             f
   224 |    36960 |    149 |  0.000000E+00 |  0.000000E+00 |  0.0055141843 |             f
   225 |    37125 |    149 |  0.000000E+00 |  0.000000E+00 |  0.0002378773 |             f
   226 |    37290 |    149 |  0.000000E+00 |  0.000000E+00 |  0.0008997189 |             f
   227 |    37455 |    143 |  0.000000E+00 |  0.000000E+00 |  0.0021273032 |             f
   228 |    37620 |    142 |  0.000000E+00 |  0.000000E+00 |  0.0054230608 |             f
   229 |    37785 |    148 |  0.000000E+00 |  0.000000E+00 |  0.1188532293 |         ideal
   230 |    37950 |    155 |  0.000000E+00 |  0.000000E+00 |  0.0009422682 |             f
   231 |    38115 |    154 |  0.000000E+00 |  0.000000E+00 |  0.0140210150 |             f
   232 |    38280 |    157 |  0.000000E+00 |  0.000000E+00 |  0.0016846343 |             f
   233 |    38445 |    152 |  0.000000E+00 |  0.000000E+00 |  0.0048907925 |             f
   234 |    38610 |    148 |  0.000000E+00 |  0.000000E+00 |  0.0052932059 |             f
   235 |    38775 |    154 |  0.000000E+00 |  0.000000E+00 |  0.0108981745 |             f
   236 |    38940 |    157 |  0.000000E+00 |  0.000000E+00 |  0.0022034864 |             f
   237 |    39105 |    153 |  0.000000E+00 |  0.000000E+00 |  0.0024636993 |             f
   238 |    39270 |    153 |  0.000000E+00 |  0.000000E+00 |  0.0038056235 |             f
   239 |    39435 |    150 |  0.000000E+00 |  0.000000E+00 |  0.0027145884 |             f
   240 |    39600 |    121 |  0.000000E+00 |  0.000000E+00 |  0.0018716570 |             f
   241 |    39765 |    134 |  0.000000E+00 |  0.000000E+00 |  0.0087719298 |         ideal
   242 |    39930 |    129 |  0.000000E+00 |  0.000000E+00 |  0.0085473145 |         nadir
   243 |    40095 |    129 |  0.000000E+00 |  0.000000E+00 |  0.0008640399 |             f
   244 |    40260 |    127 |  0.000000E+00 |  0.000000E+00 |  0.0086956522 |         ideal
   245 |    40425 |    127 |  0.000000E+00 |  0.000000E+00 |  0.0030866291 |             f
   246 |    40590 |    135 |  0.000000E+00 |  0.000000E+00 |  0.0059739487 |             f
   247 |    40755 |    135 |  0.000000E+00 |  0.000000E+00 |  0.0022247899 |             f
   248 |    40920 |    137 |  0.000000E+00 |  0.000000E+00 |  0.0052635942 |             f
   249 |    41085 |    134 |  0.000000E+00 |  0.000000E+00 |  0.3270279890 |         nadir
   250 |    41250 |    138 |  0.000000E+00 |  0.000000E+00 |  0.1167382436 |         nadir
   251 |    41415 |    140 |  0.000000E+00 |  0.000000E+00 |  0.0023494760 |             f
   252 |    41580 |    134 |  0.000000E+00 |  0.000000E+00 |  0.0037961519 |             f
   253 |    41745 |    133 |  0.000000E+00 |  0.000000E+00 |  0.1321672118 |         nadir
   254 |    41910 |    134 |  0.000000E+00 |  0.000000E+00 |  0.0003031853 |             f
   255 |    42075 |    133 |  0.000000E+00 |  0.000000E+00 |  0.0014481518 |             f
   256 |    42240 |    127 |  0.000000E+00 |  0.000000E+00 |  0.0070961597 |             f
   257 |    42405 |    116 |  0.000000E+00 |  0.000000E+00 |  0.0049233991 |             f
   258 |    42570 |    120 |  0.000000E+00 |  0.000000E+00 |  0.0157521249 |             f
   259 |    42735 |    116 |  0.000000E+00 |  0.000000E+00 |  0.0277276595 |         ideal
   260 |    42900 |    131 |  0.000000E+00 |  0.000000E+00 |  0.0136404496 |             f
   261 |    43065 |    128 |  0.000000E+00 |  0.000000E+00 |  0.0893519393 |         nadir
   262 |    43230 |    129 |  0.000000E+00 |  0.000000E+00 |  0.0022220974 |             f
   263 |    43395 |    128 |  0.000000E+00 |  0.000000E+00 |  0.1770047295 |         ideal
   264 |    43560 |    126 |  0.000000E+00 |  0.000000E+00 |  0.0203640482 |             f
   265 |    43725 |    127 |  0.000000E+00 |  0.000000E+00 |  0.0059831726 |             f
   266 |    43890 |    125 |  0.000000E+00 |  0.000000E+00 |  0.0265486726 |         nadir
   267 |    44055 |    118 |  0.000000E+00 |  0.000000E+00 |  0.0064745826 |             f
   268 |    44220 |    116 |  0.000000E+00 |  0.000000E+00 |  0.0092071490 |         nadir
   269 |    44385 |    116 |  0.000000E+00 |  0.000000E+00 |  0.0087719298 |         ideal
   270 |    44550 |    114 |  0.000000E+00 |  0.000000E+00 |  0.0007888115 |             f
   271 |    44715 |    110 |  0.000000E+00 |  0.000000E+00 |  0.0029490827 |             f
   272 |    44880 |    114 |  0.000000E+00 |  0.000000E+00 |  0.0405153981 |         nadir
   273 |    45045 |    105 |  0.000000E+00 |  0.000000E+00 |  0.0033678981 |             f
   274 |    45210 |    108 |  0.000000E+00 |  0.000000E+00 |  0.0046896579 |             f
   275 |    45375 |    107 |  0.000000E+00 |  0.000000E+00 |  0.0008759797 |             f
   276 |    45540 |    116 |  0.000000E+00 |  0.000000E+00 |  0.0012964676 |             f
   277 |    45705 |    112 |  0.000000E+00 |  0.000000E+00 |  0.0766320549 |         nadir
   278 |    45870 |    120 |  0.000000E+00 |  0.000000E+00 |  0.0447584708 |         nadir
   279 |    46035 |    132 |  0.000000E+00 |  0.000000E+00 |  0.0468556585 |         nadir
   280 |    46200 |    133 |  0.000000E+00 |  0.000000E+00 |  0.0071698111 |             f
   281 |    46365 |    134 |  0.000000E+00 |  0.000000E+00 |  0.0011493511 |             f
   282 |    46530 |    129 |  0.000000E+00 |  0.000000E+00 |  0.0270701192 |         ideal
   283 |    46695 |    130 |  0.000000E+00 |  0.000000E+00 |  0.0037258207 |             f
   284 |    46860 |    131 |  0.000000E+00 |  0.000000E+00 |  0.0008733996 |             f
   285 |    47025 |    128 |  0.000000E+00 |  0.000000E+00 |  0.0051122980 |             f
   286 |    47190 |    133 |  0.000000E+00 |  0.000000E+00 |  0.0001289620 |             f
   287 |    47355 |    133 |  0.000000E+00 |  0.000000E+00 |  0.0010130782 |             f
   288 |    47520 |    134 |  0.000000E+00 |  0.000000E+00 |  0.0017118181 |             f
   289 |    47685 |    129 |  0.000000E+00 |  0.000000E+00 |  0.0025868572 |             f
   290 |    47850 |    130 |  0.000000E+00 |  0.000000E+00 |  0.0003893717 |             f
   291 |    48015 |    127 |  0.000000E+00 |  0.000000E+00 |  0.0023368915 |             f
   292 |    48180 |    124 |  0.000000E+00 |  0.000000E+00 |  0.0276929191 |         ideal
   293 |    48345 |    124 |  0.000000E+00 |  0.000000E+00 |  0.0021523972 |             f
   294 |    48510 |    132 |  0.000000E+00 |  0.000000E+00 |  0.0057176003 |             f
   295 |    48675 |    139 |  0.000000E+00 |  0.000000E+00 |  0.0025553608 |         ideal
   296 |    48840 |    141 |  0.000000E+00 |  0.000000E+00 |  0.0036665993 |             f
   297 |    49005 |    143 |  0.000000E+00 |  0.000000E+00 |  0.0005127141 |             f
   298 |    49170 |    143 |  0.000000E+00 |  0.000000E+00 |  0.0010275941 |             f
   299 |    49335 |    146 |  0.000000E+00 |  0.000000E+00 |  0.0014391376 |             f
   300 |    49500 |    147 |  0.000000E+00 |  0.000000E+00 |  0.0086956522 |         ideal
  MOEA/D     : 147 solutions en 367.0s

--- seed=137 ---
==========================================================================================
n_gen  |  n_eval  | n_nds  |     cv_min    |     cv_avg    |      eps      |   indicator  
==========================================================================================
     1 |      200 |      6 |  0.000000E+00 |  7.2700000000 |             - |             -
     2 |      400 |     10 |  0.000000E+00 |  0.000000E+00 |  0.2053094257 |         ideal
     3 |      600 |     11 |  0.000000E+00 |  0.000000E+00 |  0.2167487685 |         ideal
     4 |      800 |     13 |  0.000000E+00 |  0.000000E+00 |  0.2852112676 |         nadir
     5 |     1000 |     15 |  0.000000E+00 |  0.000000E+00 |  0.0320972894 |             f
     6 |     1200 |     16 |  0.000000E+00 |  0.000000E+00 |  0.1152855160 |         ideal
     7 |     1400 |     15 |  0.000000E+00 |  0.000000E+00 |  0.1278038773 |         ideal
     8 |     1600 |     12 |  0.000000E+00 |  0.000000E+00 |  0.3277185468 |         ideal
     9 |     1800 |     12 |  0.000000E+00 |  0.000000E+00 |  0.1695930884 |         ideal
    10 |     2000 |     12 |  0.000000E+00 |  0.000000E+00 |  0.0461680004 |         ideal
    11 |     2200 |      7 |  0.000000E+00 |  0.000000E+00 |  0.3274336283 |         ideal
    12 |     2400 |      6 |  0.000000E+00 |  0.000000E+00 |  0.2150537634 |         ideal
    13 |     2600 |      6 |  0.000000E+00 |  0.000000E+00 |  0.2943434755 |         ideal
    14 |     2800 |      4 |  0.000000E+00 |  0.000000E+00 |  0.2238805970 |         ideal
    15 |     3000 |      6 |  0.000000E+00 |  0.000000E+00 |  0.3053587144 |         nadir
    16 |     3200 |      6 |  0.000000E+00 |  0.000000E+00 |  0.000000E+00 |             f
    17 |     3400 |      9 |  0.000000E+00 |  0.000000E+00 |  0.0117935682 |         ideal
    18 |     3600 |     11 |  0.000000E+00 |  0.000000E+00 |  0.0898876404 |         ideal
    19 |     3800 |     11 |  0.000000E+00 |  0.000000E+00 |  0.0068839962 |         ideal
    20 |     4000 |     11 |  0.000000E+00 |  0.000000E+00 |  0.1063118666 |         ideal
    21 |     4200 |     11 |  0.000000E+00 |  0.000000E+00 |  0.000000E+00 |             f
    22 |     4400 |     12 |  0.000000E+00 |  0.000000E+00 |  0.0786516854 |         ideal
    23 |     4600 |      9 |  0.000000E+00 |  0.000000E+00 |  0.4423076923 |         ideal
    24 |     4800 |      9 |  0.000000E+00 |  0.000000E+00 |  0.0710383783 |         ideal
    25 |     5000 |     10 |  0.000000E+00 |  0.000000E+00 |  0.0882859973 |         nadir
    26 |     5200 |     12 |  0.000000E+00 |  0.000000E+00 |  0.1006289308 |         ideal
    27 |     5400 |      9 |  0.000000E+00 |  0.000000E+00 |  0.1451612903 |         ideal
    28 |     5600 |      8 |  0.000000E+00 |  0.000000E+00 |  0.1582733813 |         ideal
    29 |     5800 |     13 |  0.000000E+00 |  0.000000E+00 |  0.1623773073 |         ideal
    30 |     6000 |     13 |  0.000000E+00 |  0.000000E+00 |  0.5133102451 |         nadir
    31 |     6200 |     14 |  0.000000E+00 |  0.000000E+00 |  0.1071428571 |         ideal
    32 |     6400 |     16 |  0.000000E+00 |  0.000000E+00 |  0.0329267663 |             f
    33 |     6600 |     14 |  0.000000E+00 |  0.000000E+00 |  0.0967741935 |         ideal
    34 |     6800 |     13 |  0.000000E+00 |  0.000000E+00 |  0.000000E+00 |             f
    35 |     7000 |     13 |  0.000000E+00 |  0.000000E+00 |  0.2654028436 |         ideal
    36 |     7200 |     15 |  0.000000E+00 |  0.000000E+00 |  0.0379427737 |             f
    37 |     7400 |     17 |  0.000000E+00 |  0.000000E+00 |  0.1173281031 |         ideal
    38 |     7600 |     20 |  0.000000E+00 |  0.000000E+00 |  0.0398285395 |             f
    39 |     7800 |      6 |  0.000000E+00 |  0.000000E+00 |  0.0634175853 |         ideal
    40 |     8000 |      6 |  0.000000E+00 |  0.000000E+00 |  0.000000E+00 |             f
    41 |     8200 |      6 |  0.000000E+00 |  0.000000E+00 |  0.000000E+00 |             f
    42 |     8400 |      6 |  0.000000E+00 |  0.000000E+00 |  0.000000E+00 |             f
    43 |     8600 |      6 |  0.000000E+00 |  0.000000E+00 |  0.0256394090 |             f
    44 |     8800 |      7 |  0.000000E+00 |  0.000000E+00 |  0.0602620137 |         ideal
    45 |     9000 |      7 |  0.000000E+00 |  0.000000E+00 |  0.6716427063 |         nadir
    46 |     9200 |      7 |  0.000000E+00 |  0.000000E+00 |  0.000000E+00 |             f
    47 |     9400 |      7 |  0.000000E+00 |  0.000000E+00 |  0.000000E+00 |             f
    48 |     9600 |      7 |  0.000000E+00 |  0.000000E+00 |  0.000000E+00 |             f
    49 |     9800 |      7 |  0.000000E+00 |  0.000000E+00 |  0.000000E+00 |             f
    50 |    10000 |      8 |  0.000000E+00 |  0.000000E+00 |  0.0318995914 |         ideal
    51 |    10200 |     11 |  0.000000E+00 |  0.000000E+00 |  0.0294272810 |         ideal
    52 |    10400 |     10 |  0.000000E+00 |  0.000000E+00 |  0.2450532893 |         ideal
    53 |    10600 |      9 |  0.000000E+00 |  0.000000E+00 |  0.1744036704 |         nadir
    54 |    10800 |     10 |  0.000000E+00 |  0.000000E+00 |  0.0371861561 |             f
    55 |    11000 |     11 |  0.000000E+00 |  0.000000E+00 |  0.0342851816 |         nadir
    56 |    11200 |     11 |  0.000000E+00 |  0.000000E+00 |  0.000000E+00 |             f
    57 |    11400 |     12 |  0.000000E+00 |  0.000000E+00 |  0.0079352465 |         ideal
    58 |    11600 |     12 |  0.000000E+00 |  0.000000E+00 |  0.000000E+00 |             f
    59 |    11800 |     12 |  0.000000E+00 |  0.000000E+00 |  0.0388391434 |             f
    60 |    12000 |     11 |  0.000000E+00 |  0.000000E+00 |  0.1548628963 |         ideal
    61 |    12200 |      7 |  0.000000E+00 |  0.000000E+00 |  0.2716530247 |         nadir
    62 |    12400 |      7 |  0.000000E+00 |  0.000000E+00 |  0.000000E+00 |             f
    63 |    12600 |      7 |  0.000000E+00 |  0.000000E+00 |  0.000000E+00 |             f
    64 |    12800 |      7 |  0.000000E+00 |  0.000000E+00 |  0.3435020808 |         nadir
    65 |    13000 |      7 |  0.000000E+00 |  0.000000E+00 |  0.000000E+00 |             f
    66 |    13200 |      7 |  0.000000E+00 |  0.000000E+00 |  0.000000E+00 |             f
    67 |    13400 |      7 |  0.000000E+00 |  0.000000E+00 |  0.0261048478 |         nadir
    68 |    13600 |      8 |  0.000000E+00 |  0.000000E+00 |  0.1176723254 |         ideal
    69 |    13800 |      9 |  0.000000E+00 |  0.000000E+00 |  0.0179372197 |         nadir
    70 |    14000 |     11 |  0.000000E+00 |  0.000000E+00 |  0.0279707796 |             f
    71 |    14200 |     10 |  0.000000E+00 |  0.000000E+00 |  0.0479751873 |         ideal
    72 |    14400 |     12 |  0.000000E+00 |  0.000000E+00 |  0.0457789343 |         ideal
    73 |    14600 |     13 |  0.000000E+00 |  0.000000E+00 |  0.0214503222 |             f
    74 |    14800 |     14 |  0.000000E+00 |  0.000000E+00 |  0.0417532758 |         ideal
    75 |    15000 |     16 |  0.000000E+00 |  0.000000E+00 |  0.0331289290 |         ideal
    76 |    15200 |     16 |  0.000000E+00 |  0.000000E+00 |  0.0483586972 |         ideal
    77 |    15400 |     15 |  0.000000E+00 |  0.000000E+00 |  0.0405894876 |             f
    78 |    15600 |     13 |  0.000000E+00 |  0.000000E+00 |  0.0147017042 |         ideal
    79 |    15800 |     13 |  0.000000E+00 |  0.000000E+00 |  0.000000E+00 |             f
    80 |    16000 |     14 |  0.000000E+00 |  0.000000E+00 |  0.0211812288 |             f
    81 |    16200 |     14 |  0.000000E+00 |  0.000000E+00 |  0.0115059784 |             f
    82 |    16400 |     13 |  0.000000E+00 |  0.000000E+00 |  0.0268694727 |             f
    83 |    16600 |     10 |  0.000000E+00 |  0.000000E+00 |  0.1503467724 |         ideal
    84 |    16800 |     11 |  0.000000E+00 |  0.000000E+00 |  0.1801767238 |         ideal
    85 |    17000 |     11 |  0.000000E+00 |  0.000000E+00 |  0.0313887633 |             f
    86 |    17200 |     13 |  0.000000E+00 |  0.000000E+00 |  0.0529953828 |             f
    87 |    17400 |     12 |  0.000000E+00 |  0.000000E+00 |  0.0088745761 |             f
    88 |    17600 |     12 |  0.000000E+00 |  0.000000E+00 |  0.0076923077 |         ideal
    89 |    17800 |     13 |  0.000000E+00 |  0.000000E+00 |  0.0521231864 |             f
    90 |    18000 |     13 |  0.000000E+00 |  0.000000E+00 |  0.0483042798 |             f
    91 |    18200 |     14 |  0.000000E+00 |  0.000000E+00 |  0.0042815335 |         ideal
    92 |    18400 |     11 |  0.000000E+00 |  0.000000E+00 |  0.0518483550 |         ideal
    93 |    18600 |     13 |  0.000000E+00 |  0.000000E+00 |  0.0433665277 |         ideal
    94 |    18800 |     14 |  0.000000E+00 |  0.000000E+00 |  0.0545825697 |         ideal
    95 |    19000 |     11 |  0.000000E+00 |  0.000000E+00 |  0.1788617886 |         ideal
    96 |    19200 |     13 |  0.000000E+00 |  0.000000E+00 |  0.0751879699 |         ideal
    97 |    19400 |     12 |  0.000000E+00 |  0.000000E+00 |  0.0813008130 |         ideal
    98 |    19600 |     11 |  0.000000E+00 |  0.000000E+00 |  0.0751879699 |         ideal
    99 |    19800 |     14 |  0.000000E+00 |  0.000000E+00 |  0.1658900689 |         ideal
   100 |    20000 |     12 |  0.000000E+00 |  0.000000E+00 |  0.0166666667 |         ideal
   101 |    20200 |     12 |  0.000000E+00 |  0.000000E+00 |  0.1390222646 |         ideal
   102 |    20400 |     13 |  0.000000E+00 |  0.000000E+00 |  0.1250000000 |         ideal
   103 |    20600 |     16 |  0.000000E+00 |  0.000000E+00 |  0.1111111111 |         ideal
   104 |    20800 |     16 |  0.000000E+00 |  0.000000E+00 |  0.0765625568 |         ideal
   105 |    21000 |     15 |  0.000000E+00 |  0.000000E+00 |  0.1030031053 |         ideal
   106 |    21200 |     13 |  0.000000E+00 |  0.000000E+00 |  0.1851851852 |         nadir
   107 |    21400 |     14 |  0.000000E+00 |  0.000000E+00 |  0.0847316924 |         ideal
   108 |    21600 |     14 |  0.000000E+00 |  0.000000E+00 |  0.2058823529 |         nadir
   109 |    21800 |     14 |  0.000000E+00 |  0.000000E+00 |  0.0596045629 |         ideal
   110 |    22000 |     15 |  0.000000E+00 |  0.000000E+00 |  0.0277843455 |             f
   111 |    22200 |     13 |  0.000000E+00 |  0.000000E+00 |  0.0178028310 |             f
   112 |    22400 |     15 |  0.000000E+00 |  0.000000E+00 |  0.0953335005 |         ideal
   113 |    22600 |     17 |  0.000000E+00 |  0.000000E+00 |  0.0894384328 |         ideal
   114 |    22800 |     17 |  0.000000E+00 |  0.000000E+00 |  0.0192205023 |             f
   115 |    23000 |     14 |  0.000000E+00 |  0.000000E+00 |  0.2966068218 |         nadir
   116 |    23200 |     17 |  0.000000E+00 |  0.000000E+00 |  0.0575167541 |         ideal
   117 |    23400 |     14 |  0.000000E+00 |  0.000000E+00 |  0.0280386257 |         ideal
   118 |    23600 |     16 |  0.000000E+00 |  0.000000E+00 |  0.0328735521 |             f
   119 |    23800 |     19 |  0.000000E+00 |  0.000000E+00 |  0.0721108066 |             f
   120 |    24000 |     18 |  0.000000E+00 |  0.000000E+00 |  0.0740289639 |         nadir
   121 |    24200 |     22 |  0.000000E+00 |  0.000000E+00 |  0.0715703517 |         nadir
   122 |    24400 |     18 |  0.000000E+00 |  0.000000E+00 |  0.1105001356 |         ideal
   123 |    24600 |     19 |  0.000000E+00 |  0.000000E+00 |  0.0370556246 |             f
   124 |    24800 |     15 |  0.000000E+00 |  0.000000E+00 |  0.0155798140 |         ideal
   125 |    25000 |     17 |  0.000000E+00 |  0.000000E+00 |  0.0399007118 |         ideal
   126 |    25200 |     16 |  0.000000E+00 |  0.000000E+00 |  0.0478471297 |         ideal
   127 |    25400 |     14 |  0.000000E+00 |  0.000000E+00 |  0.5934065934 |         nadir
   128 |    25600 |     13 |  0.000000E+00 |  0.000000E+00 |  0.0757403955 |         ideal
   129 |    25800 |     13 |  0.000000E+00 |  0.000000E+00 |  0.0336451461 |             f
   130 |    26000 |     14 |  0.000000E+00 |  0.000000E+00 |  0.0152859307 |             f
   131 |    26200 |     14 |  0.000000E+00 |  0.000000E+00 |  0.0134086231 |             f
   132 |    26400 |     15 |  0.000000E+00 |  0.000000E+00 |  0.0212099925 |             f
   133 |    26600 |     17 |  0.000000E+00 |  0.000000E+00 |  0.0393011009 |             f
   134 |    26800 |     19 |  0.000000E+00 |  0.000000E+00 |  0.0340511677 |         ideal
   135 |    27000 |     15 |  0.000000E+00 |  0.000000E+00 |  0.000000E+00 |             f
   136 |    27200 |     14 |  0.000000E+00 |  0.000000E+00 |  0.0396616546 |         nadir
   137 |    27400 |     14 |  0.000000E+00 |  0.000000E+00 |  0.0115284105 |         nadir
   138 |    27600 |     12 |  0.000000E+00 |  0.000000E+00 |  0.0634092492 |         ideal
   139 |    27800 |     13 |  0.000000E+00 |  0.000000E+00 |  0.0659340659 |         ideal
   140 |    28000 |     13 |  0.000000E+00 |  0.000000E+00 |  0.0694124799 |         ideal
   141 |    28200 |     12 |  0.000000E+00 |  0.000000E+00 |  0.0267857143 |         ideal
   142 |    28400 |     13 |  0.000000E+00 |  0.000000E+00 |  0.3734572236 |         nadir
   143 |    28600 |     15 |  0.000000E+00 |  0.000000E+00 |  0.0109890110 |         ideal
   144 |    28800 |     15 |  0.000000E+00 |  0.000000E+00 |  0.0178775743 |         ideal
   145 |    29000 |     15 |  0.000000E+00 |  0.000000E+00 |  0.0149743507 |             f
   146 |    29200 |     15 |  0.000000E+00 |  0.000000E+00 |  0.0182543443 |             f
   147 |    29400 |     16 |  0.000000E+00 |  0.000000E+00 |  0.0654525713 |         nadir
   148 |    29600 |     17 |  0.000000E+00 |  0.000000E+00 |  0.0234025170 |             f
   149 |    29800 |     19 |  0.000000E+00 |  0.000000E+00 |  0.0448429260 |         ideal
   150 |    30000 |     14 |  0.000000E+00 |  0.000000E+00 |  0.0072811738 |         ideal
   151 |    30200 |     13 |  0.000000E+00 |  0.000000E+00 |  0.0469482216 |         ideal
   152 |    30400 |     13 |  0.000000E+00 |  0.000000E+00 |  0.0798394288 |         ideal
   153 |    30600 |     13 |  0.000000E+00 |  0.000000E+00 |  0.0086836217 |             f
   154 |    30800 |     12 |  0.000000E+00 |  0.000000E+00 |  0.0461323527 |             f
   155 |    31000 |     12 |  0.000000E+00 |  0.000000E+00 |  0.000000E+00 |             f
   156 |    31200 |     15 |  0.000000E+00 |  0.000000E+00 |  0.0909090909 |         ideal
   157 |    31400 |     17 |  0.000000E+00 |  0.000000E+00 |  0.1004114356 |         ideal
   158 |    31600 |     12 |  0.000000E+00 |  0.000000E+00 |  0.1048838076 |         ideal
   159 |    31800 |     13 |  0.000000E+00 |  0.000000E+00 |  0.1397333157 |         ideal
   160 |    32000 |     13 |  0.000000E+00 |  0.000000E+00 |  0.0694019335 |         nadir
   161 |    32200 |     13 |  0.000000E+00 |  0.000000E+00 |  0.000000E+00 |             f
   162 |    32400 |      9 |  0.000000E+00 |  0.000000E+00 |  0.1643835616 |         ideal
   163 |    32600 |     11 |  0.000000E+00 |  0.000000E+00 |  0.1411764706 |         ideal
   164 |    32800 |     12 |  0.000000E+00 |  0.000000E+00 |  0.0345451505 |         ideal
   165 |    33000 |     16 |  0.000000E+00 |  0.000000E+00 |  0.1293627005 |         nadir
   166 |    33200 |     17 |  0.000000E+00 |  0.000000E+00 |  0.0240963855 |         ideal
   167 |    33400 |     11 |  0.000000E+00 |  0.000000E+00 |  0.2026219220 |         ideal
   168 |    33600 |     11 |  0.000000E+00 |  0.000000E+00 |  0.0838979622 |         ideal
   169 |    33800 |     12 |  0.000000E+00 |  0.000000E+00 |  0.0136666114 |             f
   170 |    34000 |     12 |  0.000000E+00 |  0.000000E+00 |  0.0985915493 |         ideal
   171 |    34200 |     13 |  0.000000E+00 |  0.000000E+00 |  0.1125000000 |         ideal
   172 |    34400 |     16 |  0.000000E+00 |  0.000000E+00 |  0.2000000000 |         nadir
   173 |    34600 |     16 |  0.000000E+00 |  0.000000E+00 |  0.0825688073 |         ideal
   174 |    34800 |     16 |  0.000000E+00 |  0.000000E+00 |  0.0067196412 |             f
   175 |    35000 |     16 |  0.000000E+00 |  0.000000E+00 |  0.0262013118 |             f
   176 |    35200 |     16 |  0.000000E+00 |  0.000000E+00 |  0.0686274510 |         ideal
   177 |    35400 |     13 |  0.000000E+00 |  0.000000E+00 |  0.1234454320 |         ideal
   178 |    35600 |     13 |  0.000000E+00 |  0.000000E+00 |  0.1206088991 |         ideal
   179 |    35800 |     16 |  0.000000E+00 |  0.000000E+00 |  0.0525912855 |         ideal
   180 |    36000 |     18 |  0.000000E+00 |  0.000000E+00 |  0.0067979841 |         ideal
   181 |    36200 |     20 |  0.000000E+00 |  0.000000E+00 |  0.0753085901 |         ideal
   182 |    36400 |     17 |  0.000000E+00 |  0.000000E+00 |  0.0273747924 |         nadir
   183 |    36600 |     18 |  0.000000E+00 |  0.000000E+00 |  0.0081424692 |         ideal
   184 |    36800 |     21 |  0.000000E+00 |  0.000000E+00 |  0.0476190476 |         ideal
   185 |    37000 |     19 |  0.000000E+00 |  0.000000E+00 |  0.0046764933 |             f
   186 |    37200 |     19 |  0.000000E+00 |  0.000000E+00 |  0.0423916388 |         nadir
   187 |    37400 |     20 |  0.000000E+00 |  0.000000E+00 |  0.0390679530 |             f
   188 |    37600 |     20 |  0.000000E+00 |  0.000000E+00 |  0.0345711396 |         nadir
   189 |    37800 |     18 |  0.000000E+00 |  0.000000E+00 |  0.0606060606 |         ideal
   190 |    38000 |     19 |  0.000000E+00 |  0.000000E+00 |  0.0488858941 |         ideal
   191 |    38200 |     16 |  0.000000E+00 |  0.000000E+00 |  0.0660377358 |         ideal
   192 |    38400 |     15 |  0.000000E+00 |  0.000000E+00 |  0.0426738582 |             f
   193 |    38600 |     19 |  0.000000E+00 |  0.000000E+00 |  0.0782608696 |         ideal
   194 |    38800 |     20 |  0.000000E+00 |  0.000000E+00 |  0.0187744711 |         nadir
   195 |    39000 |     18 |  0.000000E+00 |  0.000000E+00 |  0.0895581355 |         ideal
   196 |    39200 |     20 |  0.000000E+00 |  0.000000E+00 |  0.0111111111 |         nadir
   197 |    39400 |     18 |  0.000000E+00 |  0.000000E+00 |  0.0097178968 |         ideal
   198 |    39600 |     18 |  0.000000E+00 |  0.000000E+00 |  0.0267840895 |             f
   199 |    39800 |     21 |  0.000000E+00 |  0.000000E+00 |  0.0407118722 |             f
   200 |    40000 |     19 |  0.000000E+00 |  0.000000E+00 |  0.0105828511 |             f
   201 |    40200 |     22 |  0.000000E+00 |  0.000000E+00 |  0.1770345454 |         ideal
   202 |    40400 |     21 |  0.000000E+00 |  0.000000E+00 |  0.0329807621 |         ideal
   203 |    40600 |     23 |  0.000000E+00 |  0.000000E+00 |  0.0249079670 |             f
   204 |    40800 |     21 |  0.000000E+00 |  0.000000E+00 |  0.0133602952 |             f
   205 |    41000 |     18 |  0.000000E+00 |  0.000000E+00 |  0.0142159287 |             f
   206 |    41200 |     21 |  0.000000E+00 |  0.000000E+00 |  0.0465901674 |             f
   207 |    41400 |     20 |  0.000000E+00 |  0.000000E+00 |  0.0060205428 |         ideal
   208 |    41600 |     20 |  0.000000E+00 |  0.000000E+00 |  0.0060776459 |         ideal
   209 |    41800 |     21 |  0.000000E+00 |  0.000000E+00 |  0.0031384811 |         ideal
   210 |    42000 |     21 |  0.000000E+00 |  0.000000E+00 |  0.0113486955 |             f
   211 |    42200 |     22 |  0.000000E+00 |  0.000000E+00 |  0.0179625702 |             f
   212 |    42400 |     19 |  0.000000E+00 |  0.000000E+00 |  0.0402595014 |         nadir
   213 |    42600 |     23 |  0.000000E+00 |  0.000000E+00 |  0.1154565777 |         nadir
   214 |    42800 |     24 |  0.000000E+00 |  0.000000E+00 |  0.0121365016 |             f
   215 |    43000 |     24 |  0.000000E+00 |  0.000000E+00 |  0.0195659627 |             f
   216 |    43200 |     23 |  0.000000E+00 |  0.000000E+00 |  0.0010384340 |             f
   217 |    43400 |     22 |  0.000000E+00 |  0.000000E+00 |  0.0198828615 |             f
   218 |    43600 |     23 |  0.000000E+00 |  0.000000E+00 |  0.0177977522 |             f
   219 |    43800 |     25 |  0.000000E+00 |  0.000000E+00 |  0.0215983951 |         ideal
   220 |    44000 |     25 |  0.000000E+00 |  0.000000E+00 |  0.0122602874 |             f
   221 |    44200 |     24 |  0.000000E+00 |  0.000000E+00 |  0.0027582146 |             f
   222 |    44400 |     21 |  0.000000E+00 |  0.000000E+00 |  0.0356654453 |         ideal
   223 |    44600 |     21 |  0.000000E+00 |  0.000000E+00 |  0.0102948303 |             f
   224 |    44800 |     25 |  0.000000E+00 |  0.000000E+00 |  0.0378787879 |         ideal
   225 |    45000 |     24 |  0.000000E+00 |  0.000000E+00 |  0.0403225806 |         ideal
   226 |    45200 |     25 |  0.000000E+00 |  0.000000E+00 |  0.0201522363 |             f
   227 |    45400 |     26 |  0.000000E+00 |  0.000000E+00 |  0.0021749688 |             f
   228 |    45600 |     26 |  0.000000E+00 |  0.000000E+00 |  0.0058759856 |             f
   229 |    45800 |     25 |  0.000000E+00 |  0.000000E+00 |  0.0336134454 |         ideal
   230 |    46000 |     25 |  0.000000E+00 |  0.000000E+00 |  0.000000E+00 |             f
   231 |    46200 |     25 |  0.000000E+00 |  0.000000E+00 |  0.0070014116 |             f
   232 |    46400 |     25 |  0.000000E+00 |  0.000000E+00 |  0.0000361782 |             f
   233 |    46600 |     25 |  0.000000E+00 |  0.000000E+00 |  0.0101555067 |             f
   234 |    46800 |     25 |  0.000000E+00 |  0.000000E+00 |  0.0089980285 |             f
   235 |    47000 |     21 |  0.000000E+00 |  0.000000E+00 |  0.0177128240 |         ideal
   236 |    47200 |     26 |  0.000000E+00 |  0.000000E+00 |  0.0133384060 |         ideal
   237 |    47400 |     26 |  0.000000E+00 |  0.000000E+00 |  0.0012091186 |             f
   238 |    47600 |     22 |  0.000000E+00 |  0.000000E+00 |  0.5662847267 |         nadir
   239 |    47800 |     26 |  0.000000E+00 |  0.000000E+00 |  0.3615464782 |         nadir
   240 |    48000 |     27 |  0.000000E+00 |  0.000000E+00 |  0.0053775981 |             f
   241 |    48200 |     23 |  0.000000E+00 |  0.000000E+00 |  0.0241515773 |         ideal
   242 |    48400 |     19 |  0.000000E+00 |  0.000000E+00 |  0.0117611371 |             f
   243 |    48600 |     22 |  0.000000E+00 |  0.000000E+00 |  0.0346593966 |         ideal
   244 |    48800 |     22 |  0.000000E+00 |  0.000000E+00 |  0.0200795726 |         ideal
   245 |    49000 |     18 |  0.000000E+00 |  0.000000E+00 |  0.0172013993 |             f
   246 |    49200 |     23 |  0.000000E+00 |  0.000000E+00 |  0.0375062951 |         ideal
   247 |    49400 |     21 |  0.000000E+00 |  0.000000E+00 |  0.0136739781 |             f
   248 |    49600 |     20 |  0.000000E+00 |  0.000000E+00 |  0.0176991150 |         ideal
   249 |    49800 |     22 |  0.000000E+00 |  0.000000E+00 |  0.0173913043 |         ideal
   250 |    50000 |     22 |  0.000000E+00 |  0.000000E+00 |  0.0169405478 |             f
   251 |    50200 |     20 |  0.000000E+00 |  0.000000E+00 |  0.0389678342 |         ideal
   252 |    50400 |     23 |  0.000000E+00 |  0.000000E+00 |  0.0269325263 |         ideal
   253 |    50600 |     23 |  0.000000E+00 |  0.000000E+00 |  0.0103775450 |         ideal
   254 |    50800 |     24 |  0.000000E+00 |  0.000000E+00 |  0.0239289505 |             f
   255 |    51000 |     26 |  0.000000E+00 |  0.000000E+00 |  0.0185181496 |             f
   256 |    51200 |     19 |  0.000000E+00 |  0.000000E+00 |  0.0211287675 |         ideal
   257 |    51400 |     19 |  0.000000E+00 |  0.000000E+00 |  0.0188928014 |         ideal
   258 |    51600 |     20 |  0.000000E+00 |  0.000000E+00 |  0.0413223140 |         ideal
   259 |    51800 |     26 |  0.000000E+00 |  0.000000E+00 |  0.0365045526 |             f
   260 |    52000 |     24 |  0.000000E+00 |  0.000000E+00 |  0.0423728814 |         ideal
   261 |    52200 |     23 |  0.000000E+00 |  0.000000E+00 |  0.0130211119 |             f
   262 |    52400 |     24 |  0.000000E+00 |  0.000000E+00 |  0.0106512746 |             f
   263 |    52600 |     26 |  0.000000E+00 |  0.000000E+00 |  0.0181026165 |             f
   264 |    52800 |     25 |  0.000000E+00 |  0.000000E+00 |  0.0163732689 |         ideal
   265 |    53000 |     24 |  0.000000E+00 |  0.000000E+00 |  0.0340274468 |             f
   266 |    53200 |     23 |  0.000000E+00 |  0.000000E+00 |  0.0211951957 |             f
   267 |    53400 |     23 |  0.000000E+00 |  0.000000E+00 |  0.0769528277 |         nadir
   268 |    53600 |     23 |  0.000000E+00 |  0.000000E+00 |  0.1040105934 |         nadir
   269 |    53800 |     23 |  0.000000E+00 |  0.000000E+00 |  0.0245901639 |         ideal
   270 |    54000 |     25 |  0.000000E+00 |  0.000000E+00 |  0.0252100840 |         ideal
   271 |    54200 |     26 |  0.000000E+00 |  0.000000E+00 |  0.0657045094 |         ideal
   272 |    54400 |     26 |  0.000000E+00 |  0.000000E+00 |  0.0036014491 |             f
   273 |    54600 |     26 |  0.000000E+00 |  0.000000E+00 |  0.0944876724 |         nadir
   274 |    54800 |     26 |  0.000000E+00 |  0.000000E+00 |  0.1019647497 |         nadir
   275 |    55000 |     25 |  0.000000E+00 |  0.000000E+00 |  0.0125022435 |             f
   276 |    55200 |     27 |  0.000000E+00 |  0.000000E+00 |  0.3193929544 |         nadir
   277 |    55400 |     25 |  0.000000E+00 |  0.000000E+00 |  0.3107442064 |         nadir
   278 |    55600 |     25 |  0.000000E+00 |  0.000000E+00 |  0.000000E+00 |             f
   279 |    55800 |     26 |  0.000000E+00 |  0.000000E+00 |  0.0123724871 |             f
   280 |    56000 |     25 |  0.000000E+00 |  0.000000E+00 |  0.000000E+00 |             f
   281 |    56200 |     26 |  0.000000E+00 |  0.000000E+00 |  0.1364875466 |         nadir
   282 |    56400 |     26 |  0.000000E+00 |  0.000000E+00 |  0.0108920908 |             f
   283 |    56600 |     26 |  0.000000E+00 |  0.000000E+00 |  0.2208413260 |         nadir
   284 |    56800 |     27 |  0.000000E+00 |  0.000000E+00 |  0.0049881261 |             f
   285 |    57000 |     27 |  0.000000E+00 |  0.000000E+00 |  0.0495867769 |         ideal
   286 |    57200 |     22 |  0.000000E+00 |  0.000000E+00 |  0.0750105336 |         ideal
   287 |    57400 |     21 |  0.000000E+00 |  0.000000E+00 |  0.0724637681 |         ideal
   288 |    57600 |     21 |  0.000000E+00 |  0.000000E+00 |  0.0067188749 |         ideal
   289 |    57800 |     21 |  0.000000E+00 |  0.000000E+00 |  0.0175551293 |             f
   290 |    58000 |     25 |  0.000000E+00 |  0.000000E+00 |  0.0325928088 |             f
   291 |    58200 |     26 |  0.000000E+00 |  0.000000E+00 |  0.0196256749 |         ideal
   292 |    58400 |     25 |  0.000000E+00 |  0.000000E+00 |  0.0093927500 |             f
   293 |    58600 |     24 |  0.000000E+00 |  0.000000E+00 |  0.0813324621 |         ideal
   294 |    58800 |     19 |  0.000000E+00 |  0.000000E+00 |  0.0324651467 |             f
   295 |    59000 |     21 |  0.000000E+00 |  0.000000E+00 |  0.0304921813 |             f
   296 |    59200 |     22 |  0.000000E+00 |  0.000000E+00 |  0.0277819798 |         nadir
   297 |    59400 |     20 |  0.000000E+00 |  0.000000E+00 |  0.1293103448 |         ideal
   298 |    59600 |     20 |  0.000000E+00 |  0.000000E+00 |  0.0026323039 |             f
   299 |    59800 |     20 |  0.000000E+00 |  0.000000E+00 |  0.0039711508 |             f
   300 |    60000 |     20 |  0.000000E+00 |  0.000000E+00 |  0.0019235737 |             f
  NSGA-III   : 20 solutions en 394.7s
  QI-NSGA-III: 200 solutions en 126.8s
==========================================================================================
n_gen  |  n_eval  | n_nds  |     cv_min    |     cv_avg    |      eps      |   indicator  
==========================================================================================
     1 |      165 |      7 |  0.000000E+00 |  7.0909090909 |             - |             -
     2 |      330 |     83 |  0.000000E+00 |  0.000000E+00 |  0.2286279435 |         ideal
     3 |      495 |    127 |  0.000000E+00 |  0.000000E+00 |  0.0893743123 |         ideal
     4 |      660 |     95 |  0.000000E+00 |  0.000000E+00 |  0.4320987654 |         ideal
     5 |      825 |    109 |  0.000000E+00 |  0.000000E+00 |  0.4126545589 |         ideal
     6 |      990 |    161 |  0.000000E+00 |  0.000000E+00 |  0.0938544147 |         ideal
     7 |     1155 |    142 |  0.000000E+00 |  0.000000E+00 |  0.1524015038 |         ideal
     8 |     1320 |    138 |  0.000000E+00 |  0.000000E+00 |  0.6085688802 |         ideal
     9 |     1485 |     92 |  0.000000E+00 |  0.000000E+00 |  0.5617977528 |         ideal
    10 |     1650 |    118 |  0.000000E+00 |  0.000000E+00 |  0.0731466397 |         ideal
    11 |     1815 |    151 |  0.000000E+00 |  0.000000E+00 |  0.1120069669 |         ideal
    12 |     1980 |    119 |  0.000000E+00 |  0.000000E+00 |  0.1277914497 |         ideal
    13 |     2145 |    102 |  0.000000E+00 |  0.000000E+00 |  0.0499097382 |         ideal
    14 |     2310 |    111 |  0.000000E+00 |  0.000000E+00 |  0.0098242483 |         ideal
    15 |     2475 |    152 |  0.000000E+00 |  0.000000E+00 |  0.0567597317 |         ideal
    16 |     2640 |    129 |  0.000000E+00 |  0.000000E+00 |  0.2772562662 |         nadir
    17 |     2805 |    141 |  0.000000E+00 |  0.000000E+00 |  0.0602907563 |         ideal
    18 |     2970 |    143 |  0.000000E+00 |  0.000000E+00 |  0.0168210944 |             f
    19 |     3135 |     96 |  0.000000E+00 |  0.000000E+00 |  0.0287079720 |         ideal
    20 |     3300 |     60 |  0.000000E+00 |  0.000000E+00 |  0.0875039925 |         ideal
    21 |     3465 |     97 |  0.000000E+00 |  0.000000E+00 |  0.1489981894 |         ideal
    22 |     3630 |    109 |  0.000000E+00 |  0.000000E+00 |  0.0925354386 |         ideal
    23 |     3795 |    115 |  0.000000E+00 |  0.000000E+00 |  0.0498238217 |             f
    24 |     3960 |    136 |  0.000000E+00 |  0.000000E+00 |  0.0378966206 |         ideal
    25 |     4125 |    134 |  0.000000E+00 |  0.000000E+00 |  0.0380237850 |         ideal
    26 |     4290 |    152 |  0.000000E+00 |  0.000000E+00 |  0.0806633270 |         ideal
    27 |     4455 |    159 |  0.000000E+00 |  0.000000E+00 |  0.0369942569 |         ideal
    28 |     4620 |    159 |  0.000000E+00 |  0.000000E+00 |  0.0563380282 |         ideal
    29 |     4785 |    158 |  0.000000E+00 |  0.000000E+00 |  0.1673933012 |         ideal
    30 |     4950 |    160 |  0.000000E+00 |  0.000000E+00 |  0.0879112805 |         ideal
    31 |     5115 |    134 |  0.000000E+00 |  0.000000E+00 |  0.0769230769 |         ideal
    32 |     5280 |    156 |  0.000000E+00 |  0.000000E+00 |  0.0358360749 |         ideal
    33 |     5445 |    155 |  0.000000E+00 |  0.000000E+00 |  0.0191912349 |             f
    34 |     5610 |    141 |  0.000000E+00 |  0.000000E+00 |  0.0126582278 |         ideal
    35 |     5775 |    137 |  0.000000E+00 |  0.000000E+00 |  0.0750000000 |         ideal
    36 |     5940 |    133 |  0.000000E+00 |  0.000000E+00 |  0.0063009377 |         nadir
    37 |     6105 |    136 |  0.000000E+00 |  0.000000E+00 |  0.0205806454 |             f
    38 |     6270 |    131 |  0.000000E+00 |  0.000000E+00 |  0.0243902439 |         ideal
    39 |     6435 |    148 |  0.000000E+00 |  0.000000E+00 |  0.0253029214 |             f
    40 |     6600 |    147 |  0.000000E+00 |  0.000000E+00 |  0.0436230966 |         ideal
    41 |     6765 |    137 |  0.000000E+00 |  0.000000E+00 |  0.0563380282 |         ideal
    42 |     6930 |    134 |  0.000000E+00 |  0.000000E+00 |  0.0159920918 |         ideal
    43 |     7095 |    133 |  0.000000E+00 |  0.000000E+00 |  0.0068220067 |             f
    44 |     7260 |    137 |  0.000000E+00 |  0.000000E+00 |  0.1445783133 |         nadir
    45 |     7425 |    149 |  0.000000E+00 |  0.000000E+00 |  0.1003377142 |         nadir
    46 |     7590 |    156 |  0.000000E+00 |  0.000000E+00 |  0.0397789034 |         ideal
    47 |     7755 |    150 |  0.000000E+00 |  0.000000E+00 |  0.0193174243 |             f
    48 |     7920 |    138 |  0.000000E+00 |  0.000000E+00 |  0.0092616577 |             f
    49 |     8085 |    139 |  0.000000E+00 |  0.000000E+00 |  0.0053595861 |             f
    50 |     8250 |    134 |  0.000000E+00 |  0.000000E+00 |  0.0125775078 |             f
    51 |     8415 |    137 |  0.000000E+00 |  0.000000E+00 |  0.0108550469 |             f
    52 |     8580 |    136 |  0.000000E+00 |  0.000000E+00 |  0.0971505028 |         ideal
    53 |     8745 |    139 |  0.000000E+00 |  0.000000E+00 |  0.0147620025 |             f
    54 |     8910 |    142 |  0.000000E+00 |  0.000000E+00 |  0.2318840580 |         nadir
    55 |     9075 |    144 |  0.000000E+00 |  0.000000E+00 |  0.0354990411 |         ideal
    56 |     9240 |    136 |  0.000000E+00 |  0.000000E+00 |  0.0063388896 |             f
    57 |     9405 |    119 |  0.000000E+00 |  0.000000E+00 |  0.0156954446 |         ideal
    58 |     9570 |    112 |  0.000000E+00 |  0.000000E+00 |  0.0338983051 |         ideal
    59 |     9735 |    110 |  0.000000E+00 |  0.000000E+00 |  0.0166666667 |         ideal
    60 |     9900 |    117 |  0.000000E+00 |  0.000000E+00 |  0.0065964090 |             f
    61 |    10065 |     95 |  0.000000E+00 |  0.000000E+00 |  0.0398823658 |         ideal
    62 |    10230 |    118 |  0.000000E+00 |  0.000000E+00 |  0.1298087611 |         ideal
    63 |    10395 |    119 |  0.000000E+00 |  0.000000E+00 |  0.1641791045 |         ideal
    64 |    10560 |     93 |  0.000000E+00 |  0.000000E+00 |  0.0090943461 |         ideal
    65 |    10725 |    117 |  0.000000E+00 |  0.000000E+00 |  0.0512820513 |         ideal
    66 |    10890 |    103 |  0.000000E+00 |  0.000000E+00 |  0.0052379651 |         ideal
    67 |    11055 |    119 |  0.000000E+00 |  0.000000E+00 |  0.0270270270 |         ideal
    68 |    11220 |    132 |  0.000000E+00 |  0.000000E+00 |  0.0263157895 |         ideal
    69 |    11385 |    114 |  0.000000E+00 |  0.000000E+00 |  0.0096452565 |         ideal
    70 |    11550 |    120 |  0.000000E+00 |  0.000000E+00 |  0.0735294118 |         ideal
    71 |    11715 |    103 |  0.000000E+00 |  0.000000E+00 |  0.0358661179 |         ideal
    72 |    11880 |    111 |  0.000000E+00 |  0.000000E+00 |  0.0147058824 |         ideal
    73 |    12045 |    127 |  0.000000E+00 |  0.000000E+00 |  0.0639204937 |         nadir
    74 |    12210 |    118 |  0.000000E+00 |  0.000000E+00 |  0.0066990911 |         ideal
    75 |    12375 |    137 |  0.000000E+00 |  0.000000E+00 |  0.0040946272 |         ideal
    76 |    12540 |    146 |  0.000000E+00 |  0.000000E+00 |  0.0046315799 |         ideal
    77 |    12705 |    148 |  0.000000E+00 |  0.000000E+00 |  0.0152443969 |         ideal
    78 |    12870 |    140 |  0.000000E+00 |  0.000000E+00 |  0.0233970829 |             f
    79 |    13035 |    125 |  0.000000E+00 |  0.000000E+00 |  0.0239596186 |         ideal
    80 |    13200 |    136 |  0.000000E+00 |  0.000000E+00 |  0.0081174463 |             f
    81 |    13365 |    145 |  0.000000E+00 |  0.000000E+00 |  0.0291158774 |         ideal
    82 |    13530 |    132 |  0.000000E+00 |  0.000000E+00 |  0.1057214569 |         nadir
    83 |    13695 |    137 |  0.000000E+00 |  0.000000E+00 |  0.0311412884 |         ideal
    84 |    13860 |    125 |  0.000000E+00 |  0.000000E+00 |  0.0164128533 |         ideal
    85 |    14025 |    126 |  0.000000E+00 |  0.000000E+00 |  0.0563380282 |         ideal
    86 |    14190 |    120 |  0.000000E+00 |  0.000000E+00 |  0.0264071823 |         ideal
    87 |    14355 |    114 |  0.000000E+00 |  0.000000E+00 |  0.0206745996 |             f
    88 |    14520 |    124 |  0.000000E+00 |  0.000000E+00 |  0.1338752211 |         nadir
    89 |    14685 |    128 |  0.000000E+00 |  0.000000E+00 |  0.0101896456 |         ideal
    90 |    14850 |    130 |  0.000000E+00 |  0.000000E+00 |  0.0156250000 |         ideal
    91 |    15015 |    121 |  0.000000E+00 |  0.000000E+00 |  0.0061155230 |             f
    92 |    15180 |    133 |  0.000000E+00 |  0.000000E+00 |  0.0414440076 |         ideal
    93 |    15345 |    131 |  0.000000E+00 |  0.000000E+00 |  0.0412259916 |         nadir
    94 |    15510 |    136 |  0.000000E+00 |  0.000000E+00 |  0.0123923370 |             f
    95 |    15675 |    130 |  0.000000E+00 |  0.000000E+00 |  0.0085752667 |             f
    96 |    15840 |    129 |  0.000000E+00 |  0.000000E+00 |  0.0119918106 |             f
    97 |    16005 |    134 |  0.000000E+00 |  0.000000E+00 |  0.0588235294 |         ideal
    98 |    16170 |    128 |  0.000000E+00 |  0.000000E+00 |  0.0051643786 |         nadir
    99 |    16335 |    126 |  0.000000E+00 |  0.000000E+00 |  0.1530804173 |         nadir
   100 |    16500 |    133 |  0.000000E+00 |  0.000000E+00 |  0.0144927536 |         ideal
   101 |    16665 |    129 |  0.000000E+00 |  0.000000E+00 |  0.0116878029 |             f
   102 |    16830 |    126 |  0.000000E+00 |  0.000000E+00 |  0.0239863626 |         ideal
   103 |    16995 |    131 |  0.000000E+00 |  0.000000E+00 |  0.0141548445 |         ideal
   104 |    17160 |    114 |  0.000000E+00 |  0.000000E+00 |  0.1346551371 |         nadir
   105 |    17325 |    119 |  0.000000E+00 |  0.000000E+00 |  0.0875181738 |         ideal
   106 |    17490 |    128 |  0.000000E+00 |  0.000000E+00 |  0.0198914007 |             f
   107 |    17655 |    107 |  0.000000E+00 |  0.000000E+00 |  0.0365215199 |         ideal
   108 |    17820 |    128 |  0.000000E+00 |  0.000000E+00 |  0.0556709236 |         ideal
   109 |    17985 |    137 |  0.000000E+00 |  0.000000E+00 |  0.0035699424 |         ideal
   110 |    18150 |    128 |  0.000000E+00 |  0.000000E+00 |  0.0650828937 |         ideal
   111 |    18315 |    120 |  0.000000E+00 |  0.000000E+00 |  0.0897435897 |         nadir
   112 |    18480 |    127 |  0.000000E+00 |  0.000000E+00 |  0.0985915493 |         nadir
   113 |    18645 |    119 |  0.000000E+00 |  0.000000E+00 |  0.0316047909 |         ideal
   114 |    18810 |    134 |  0.000000E+00 |  0.000000E+00 |  0.0148005166 |             f
   115 |    18975 |    123 |  0.000000E+00 |  0.000000E+00 |  0.0335637298 |         nadir
   116 |    19140 |    131 |  0.000000E+00 |  0.000000E+00 |  0.0152863404 |         ideal
   117 |    19305 |    119 |  0.000000E+00 |  0.000000E+00 |  0.1184362306 |         ideal
   118 |    19470 |    106 |  0.000000E+00 |  0.000000E+00 |  0.0780999117 |         ideal
   119 |    19635 |    131 |  0.000000E+00 |  0.000000E+00 |  0.0149472235 |         ideal
   120 |    19800 |    139 |  0.000000E+00 |  0.000000E+00 |  0.0037798828 |         ideal
   121 |    19965 |    128 |  0.000000E+00 |  0.000000E+00 |  0.0167509015 |             f
   122 |    20130 |     97 |  0.000000E+00 |  0.000000E+00 |  0.0082305894 |         ideal
   123 |    20295 |    109 |  0.000000E+00 |  0.000000E+00 |  0.0076359500 |             f
   124 |    20460 |    114 |  0.000000E+00 |  0.000000E+00 |  0.0958904110 |         nadir
   125 |    20625 |    118 |  0.000000E+00 |  0.000000E+00 |  0.0579710145 |         nadir
   126 |    20790 |    119 |  0.000000E+00 |  0.000000E+00 |  0.0133333333 |         ideal
   127 |    20955 |    130 |  0.000000E+00 |  0.000000E+00 |  0.0174176651 |             f
   128 |    21120 |    116 |  0.000000E+00 |  0.000000E+00 |  0.0179471612 |             f
   129 |    21285 |     95 |  0.000000E+00 |  0.000000E+00 |  0.0416666667 |         nadir
   130 |    21450 |     98 |  0.000000E+00 |  0.000000E+00 |  0.0132449309 |         ideal
   131 |    21615 |     98 |  0.000000E+00 |  0.000000E+00 |  0.0115007362 |             f
   132 |    21780 |    111 |  0.000000E+00 |  0.000000E+00 |  0.0285714286 |         nadir
   133 |    21945 |    115 |  0.000000E+00 |  0.000000E+00 |  0.0391189036 |             f
   134 |    22110 |    120 |  0.000000E+00 |  0.000000E+00 |  0.2707578286 |         nadir
   135 |    22275 |    131 |  0.000000E+00 |  0.000000E+00 |  0.0185016337 |             f
   136 |    22440 |    141 |  0.000000E+00 |  0.000000E+00 |  0.0294117647 |         nadir
   137 |    22605 |    127 |  0.000000E+00 |  0.000000E+00 |  0.0064057402 |             f
   138 |    22770 |    114 |  0.000000E+00 |  0.000000E+00 |  0.0024482867 |             f
   139 |    22935 |    105 |  0.000000E+00 |  0.000000E+00 |  0.0064383473 |             f
   140 |    23100 |    117 |  0.000000E+00 |  0.000000E+00 |  0.0076621992 |             f
   141 |    23265 |    115 |  0.000000E+00 |  0.000000E+00 |  0.0108557107 |             f
   142 |    23430 |    102 |  0.000000E+00 |  0.000000E+00 |  0.0031977807 |             f
   143 |    23595 |    109 |  0.000000E+00 |  0.000000E+00 |  0.0055925452 |             f
   144 |    23760 |    113 |  0.000000E+00 |  0.000000E+00 |  0.0075598734 |             f
   145 |    23925 |    110 |  0.000000E+00 |  0.000000E+00 |  0.0080342786 |             f
   146 |    24090 |    108 |  0.000000E+00 |  0.000000E+00 |  0.0063988005 |             f
   147 |    24255 |    109 |  0.000000E+00 |  0.000000E+00 |  0.0085162741 |             f
   148 |    24420 |    108 |  0.000000E+00 |  0.000000E+00 |  0.0309750178 |         nadir
   149 |    24585 |    117 |  0.000000E+00 |  0.000000E+00 |  0.0103677291 |         ideal
   150 |    24750 |    116 |  0.000000E+00 |  0.000000E+00 |  0.0319651385 |         nadir
   151 |    24915 |    105 |  0.000000E+00 |  0.000000E+00 |  0.0138715428 |             f
   152 |    25080 |    115 |  0.000000E+00 |  0.000000E+00 |  0.0088419334 |             f
   153 |    25245 |    115 |  0.000000E+00 |  0.000000E+00 |  0.0422535211 |         nadir
   154 |    25410 |    114 |  0.000000E+00 |  0.000000E+00 |  0.0044730012 |         ideal
   155 |    25575 |    112 |  0.000000E+00 |  0.000000E+00 |  0.0122572956 |         ideal
   156 |    25740 |    113 |  0.000000E+00 |  0.000000E+00 |  0.0405405405 |         nadir
   157 |    25905 |    121 |  0.000000E+00 |  0.000000E+00 |  0.0133333333 |         ideal
   158 |    26070 |    117 |  0.000000E+00 |  0.000000E+00 |  0.0233428373 |         ideal
   159 |    26235 |    110 |  0.000000E+00 |  0.000000E+00 |  0.0137972952 |         ideal
   160 |    26400 |    115 |  0.000000E+00 |  0.000000E+00 |  0.0239007486 |         ideal
   161 |    26565 |    117 |  0.000000E+00 |  0.000000E+00 |  0.0289747248 |         ideal
   162 |    26730 |    108 |  0.000000E+00 |  0.000000E+00 |  0.0058429288 |             f
   163 |    26895 |    111 |  0.000000E+00 |  0.000000E+00 |  0.0389610390 |         ideal
   164 |    27060 |    107 |  0.000000E+00 |  0.000000E+00 |  0.0042187876 |             f
   165 |    27225 |    116 |  0.000000E+00 |  0.000000E+00 |  0.0579098212 |         ideal
   166 |    27390 |    101 |  0.000000E+00 |  0.000000E+00 |  0.0128205128 |         nadir
   167 |    27555 |    129 |  0.000000E+00 |  0.000000E+00 |  0.0083025494 |         ideal
   168 |    27720 |    130 |  0.000000E+00 |  0.000000E+00 |  0.0036482065 |             f
   169 |    27885 |    123 |  0.000000E+00 |  0.000000E+00 |  0.0008718380 |             f
   170 |    28050 |    119 |  0.000000E+00 |  0.000000E+00 |  0.0043717168 |         ideal
   171 |    28215 |    122 |  0.000000E+00 |  0.000000E+00 |  0.0030622025 |             f
   172 |    28380 |    120 |  0.000000E+00 |  0.000000E+00 |  0.0016060629 |             f
   173 |    28545 |    102 |  0.000000E+00 |  0.000000E+00 |  0.0041075083 |             f
   174 |    28710 |    101 |  0.000000E+00 |  0.000000E+00 |  0.0082516341 |             f
   175 |    28875 |    106 |  0.000000E+00 |  0.000000E+00 |  0.0011593112 |             f
   176 |    29040 |    122 |  0.000000E+00 |  0.000000E+00 |  0.0049776948 |             f
   177 |    29205 |    127 |  0.000000E+00 |  0.000000E+00 |  0.0029118565 |             f
   178 |    29370 |    124 |  0.000000E+00 |  0.000000E+00 |  0.0011481532 |             f
   179 |    29535 |    111 |  0.000000E+00 |  0.000000E+00 |  0.0108225550 |             f
   180 |    29700 |    105 |  0.000000E+00 |  0.000000E+00 |  0.0263157895 |         nadir
   181 |    29865 |    112 |  0.000000E+00 |  0.000000E+00 |  0.0015923098 |             f
   182 |    30030 |    110 |  0.000000E+00 |  0.000000E+00 |  0.0397288186 |         ideal
   183 |    30195 |    108 |  0.000000E+00 |  0.000000E+00 |  0.1648351648 |         nadir
   184 |    30360 |    112 |  0.000000E+00 |  0.000000E+00 |  0.0074400433 |             f
   185 |    30525 |    119 |  0.000000E+00 |  0.000000E+00 |  0.0017534574 |             f
   186 |    30690 |    121 |  0.000000E+00 |  0.000000E+00 |  0.0744936007 |         ideal
   187 |    30855 |    123 |  0.000000E+00 |  0.000000E+00 |  0.0215053763 |         ideal
   188 |    31020 |    142 |  0.000000E+00 |  0.000000E+00 |  0.0112955269 |         nadir
   189 |    31185 |    138 |  0.000000E+00 |  0.000000E+00 |  0.0041913205 |         ideal
   190 |    31350 |    133 |  0.000000E+00 |  0.000000E+00 |  0.0262460754 |         nadir
   191 |    31515 |    117 |  0.000000E+00 |  0.000000E+00 |  0.0629689861 |         nadir
   192 |    31680 |    122 |  0.000000E+00 |  0.000000E+00 |  0.2077922078 |         nadir
   193 |    31845 |    124 |  0.000000E+00 |  0.000000E+00 |  0.0145105648 |             f
   194 |    32010 |    133 |  0.000000E+00 |  0.000000E+00 |  0.0053168439 |         ideal
   195 |    32175 |    131 |  0.000000E+00 |  0.000000E+00 |  0.0128205128 |         ideal
   196 |    32340 |    124 |  0.000000E+00 |  0.000000E+00 |  0.0054120231 |             f
   197 |    32505 |    123 |  0.000000E+00 |  0.000000E+00 |  0.0083991361 |             f
   198 |    32670 |    114 |  0.000000E+00 |  0.000000E+00 |  0.0128747609 |             f
   199 |    32835 |    118 |  0.000000E+00 |  0.000000E+00 |  0.0126582278 |         ideal
   200 |    33000 |    108 |  0.000000E+00 |  0.000000E+00 |  0.0344342369 |         ideal
   201 |    33165 |    115 |  0.000000E+00 |  0.000000E+00 |  0.0540540541 |         nadir
   202 |    33330 |    120 |  0.000000E+00 |  0.000000E+00 |  0.0424346592 |         ideal
   203 |    33495 |    115 |  0.000000E+00 |  0.000000E+00 |  0.0057189716 |             f
   204 |    33660 |    102 |  0.000000E+00 |  0.000000E+00 |  0.0082464153 |             f
   205 |    33825 |    103 |  0.000000E+00 |  0.000000E+00 |  0.0064013667 |             f
   206 |    33990 |    118 |  0.000000E+00 |  0.000000E+00 |  0.0129870130 |         ideal
   207 |    34155 |    118 |  0.000000E+00 |  0.000000E+00 |  0.0139926804 |         ideal
   208 |    34320 |    123 |  0.000000E+00 |  0.000000E+00 |  0.0163019584 |         ideal
   209 |    34485 |    125 |  0.000000E+00 |  0.000000E+00 |  0.0043111869 |         ideal
   210 |    34650 |    124 |  0.000000E+00 |  0.000000E+00 |  0.2083821712 |         nadir
   211 |    34815 |    124 |  0.000000E+00 |  0.000000E+00 |  0.0049313887 |             f
   212 |    34980 |    134 |  0.000000E+00 |  0.000000E+00 |  0.0070329156 |             f
   213 |    35145 |    113 |  0.000000E+00 |  0.000000E+00 |  0.0235294118 |         ideal
   214 |    35310 |    121 |  0.000000E+00 |  0.000000E+00 |  0.0497766809 |         nadir
   215 |    35475 |    130 |  0.000000E+00 |  0.000000E+00 |  0.0047805526 |             f
   216 |    35640 |    128 |  0.000000E+00 |  0.000000E+00 |  0.0016858176 |             f
   217 |    35805 |    137 |  0.000000E+00 |  0.000000E+00 |  0.0116279070 |         nadir
   218 |    35970 |    134 |  0.000000E+00 |  0.000000E+00 |  0.0403349126 |         nadir
   219 |    36135 |    136 |  0.000000E+00 |  0.000000E+00 |  0.0005447476 |             f
   220 |    36300 |    136 |  0.000000E+00 |  0.000000E+00 |  0.0794693864 |         ideal
   221 |    36465 |    129 |  0.000000E+00 |  0.000000E+00 |  0.0353399515 |         ideal
   222 |    36630 |    135 |  0.000000E+00 |  0.000000E+00 |  0.0117647059 |         nadir
   223 |    36795 |    134 |  0.000000E+00 |  0.000000E+00 |  0.0123584538 |         ideal
   224 |    36960 |    142 |  0.000000E+00 |  0.000000E+00 |  0.0063154099 |             f
   225 |    37125 |    143 |  0.000000E+00 |  0.000000E+00 |  0.0038555178 |             f
   226 |    37290 |    141 |  0.000000E+00 |  0.000000E+00 |  0.0161422870 |             f
   227 |    37455 |    145 |  0.000000E+00 |  0.000000E+00 |  0.0116099073 |             f
   228 |    37620 |    132 |  0.000000E+00 |  0.000000E+00 |  0.0728658218 |         nadir
   229 |    37785 |    133 |  0.000000E+00 |  0.000000E+00 |  0.0422951900 |         nadir
   230 |    37950 |    132 |  0.000000E+00 |  0.000000E+00 |  0.0146493680 |         nadir
   231 |    38115 |    139 |  0.000000E+00 |  0.000000E+00 |  0.0313334496 |         ideal
   232 |    38280 |    153 |  0.000000E+00 |  0.000000E+00 |  0.0080849247 |             f
   233 |    38445 |    156 |  0.000000E+00 |  0.000000E+00 |  0.0036201102 |         ideal
   234 |    38610 |    157 |  0.000000E+00 |  0.000000E+00 |  0.0041945202 |             f
   235 |    38775 |    149 |  0.000000E+00 |  0.000000E+00 |  0.0036539449 |             f
   236 |    38940 |    143 |  0.000000E+00 |  0.000000E+00 |  0.0021177012 |             f
   237 |    39105 |    146 |  0.000000E+00 |  0.000000E+00 |  0.0026780285 |         ideal
   238 |    39270 |    139 |  0.000000E+00 |  0.000000E+00 |  0.0160720945 |             f
   239 |    39435 |    140 |  0.000000E+00 |  0.000000E+00 |  0.0170795337 |             f
   240 |    39600 |    158 |  0.000000E+00 |  0.000000E+00 |  0.0050810163 |             f
   241 |    39765 |    156 |  0.000000E+00 |  0.000000E+00 |  0.0449438202 |         ideal
   242 |    39930 |    155 |  0.000000E+00 |  0.000000E+00 |  0.0219780220 |         ideal
   243 |    40095 |    148 |  0.000000E+00 |  0.000000E+00 |  0.0108695652 |         ideal
   244 |    40260 |    148 |  0.000000E+00 |  0.000000E+00 |  0.0077975910 |             f
   245 |    40425 |    146 |  0.000000E+00 |  0.000000E+00 |  0.0111218812 |         nadir
   246 |    40590 |    152 |  0.000000E+00 |  0.000000E+00 |  0.0218469333 |         ideal
   247 |    40755 |    143 |  0.000000E+00 |  0.000000E+00 |  0.0022602659 |             f
   248 |    40920 |    142 |  0.000000E+00 |  0.000000E+00 |  0.0051726315 |         ideal
   249 |    41085 |    135 |  0.000000E+00 |  0.000000E+00 |  0.0091476356 |             f
   250 |    41250 |    142 |  0.000000E+00 |  0.000000E+00 |  0.0008848608 |             f
   251 |    41415 |    138 |  0.000000E+00 |  0.000000E+00 |  0.0021593656 |             f
   252 |    41580 |    134 |  0.000000E+00 |  0.000000E+00 |  0.0115833612 |             f
   253 |    41745 |    143 |  0.000000E+00 |  0.000000E+00 |  0.0044090739 |             f
   254 |    41910 |    142 |  0.000000E+00 |  0.000000E+00 |  0.0040579798 |         ideal
   255 |    42075 |    148 |  0.000000E+00 |  0.000000E+00 |  0.0017809760 |             f
   256 |    42240 |    148 |  0.000000E+00 |  0.000000E+00 |  0.0107526882 |         ideal
   257 |    42405 |    148 |  0.000000E+00 |  0.000000E+00 |  0.0018326159 |             f
   258 |    42570 |    150 |  0.000000E+00 |  0.000000E+00 |  0.0050385325 |             f
   259 |    42735 |    144 |  0.000000E+00 |  0.000000E+00 |  0.0031195645 |             f
   260 |    42900 |    144 |  0.000000E+00 |  0.000000E+00 |  0.0002377737 |             f
   261 |    43065 |    144 |  0.000000E+00 |  0.000000E+00 |  0.0548983329 |         nadir
   262 |    43230 |    146 |  0.000000E+00 |  0.000000E+00 |  0.0018451388 |             f
   263 |    43395 |    149 |  0.000000E+00 |  0.000000E+00 |  0.0027028829 |             f
   264 |    43560 |    144 |  0.000000E+00 |  0.000000E+00 |  0.0011469821 |             f
   265 |    43725 |    140 |  0.000000E+00 |  0.000000E+00 |  0.0048266869 |             f
   266 |    43890 |    140 |  0.000000E+00 |  0.000000E+00 |  0.0074805050 |             f
   267 |    44055 |    135 |  0.000000E+00 |  0.000000E+00 |  0.0037657866 |             f
   268 |    44220 |    150 |  0.000000E+00 |  0.000000E+00 |  0.1885511138 |         ideal
   269 |    44385 |    140 |  0.000000E+00 |  0.000000E+00 |  0.0036314170 |         ideal
   270 |    44550 |    144 |  0.000000E+00 |  0.000000E+00 |  0.0845525486 |         nadir
   271 |    44715 |    141 |  0.000000E+00 |  0.000000E+00 |  0.0054812500 |             f
   272 |    44880 |    132 |  0.000000E+00 |  0.000000E+00 |  0.0923619903 |         nadir
   273 |    45045 |    118 |  0.000000E+00 |  0.000000E+00 |  0.0034703441 |             f
   274 |    45210 |    133 |  0.000000E+00 |  0.000000E+00 |  0.0072541591 |             f
   275 |    45375 |    135 |  0.000000E+00 |  0.000000E+00 |  0.0084214439 |             f
   276 |    45540 |    125 |  0.000000E+00 |  0.000000E+00 |  0.0031545178 |             f
   277 |    45705 |    137 |  0.000000E+00 |  0.000000E+00 |  0.0062875867 |             f
   278 |    45870 |    136 |  0.000000E+00 |  0.000000E+00 |  0.0098039216 |         nadir
   279 |    46035 |    137 |  0.000000E+00 |  0.000000E+00 |  0.0049264519 |         ideal
   280 |    46200 |    140 |  0.000000E+00 |  0.000000E+00 |  0.0068220267 |             f
   281 |    46365 |    144 |  0.000000E+00 |  0.000000E+00 |  0.0036501331 |             f
   282 |    46530 |    138 |  0.000000E+00 |  0.000000E+00 |  0.0035736639 |             f
   283 |    46695 |    147 |  0.000000E+00 |  0.000000E+00 |  0.0065913826 |             f
   284 |    46860 |    138 |  0.000000E+00 |  0.000000E+00 |  0.0064383862 |         ideal
   285 |    47025 |    139 |  0.000000E+00 |  0.000000E+00 |  0.0892857143 |         nadir
   286 |    47190 |    140 |  0.000000E+00 |  0.000000E+00 |  0.0015329086 |             f
   287 |    47355 |    151 |  0.000000E+00 |  0.000000E+00 |  0.0067737398 |             f
   288 |    47520 |    151 |  0.000000E+00 |  0.000000E+00 |  0.0011411330 |             f
   289 |    47685 |    138 |  0.000000E+00 |  0.000000E+00 |  0.0019143567 |             f
   290 |    47850 |    139 |  0.000000E+00 |  0.000000E+00 |  0.0566037736 |         nadir
   291 |    48015 |    139 |  0.000000E+00 |  0.000000E+00 |  0.0002557409 |             f
   292 |    48180 |    142 |  0.000000E+00 |  0.000000E+00 |  0.0028166107 |             f
   293 |    48345 |    144 |  0.000000E+00 |  0.000000E+00 |  0.0112131222 |         ideal
   294 |    48510 |    133 |  0.000000E+00 |  0.000000E+00 |  0.0065125962 |             f
   295 |    48675 |    128 |  0.000000E+00 |  0.000000E+00 |  0.0090054181 |             f
   296 |    48840 |    142 |  0.000000E+00 |  0.000000E+00 |  0.0599172655 |         nadir
   297 |    49005 |    132 |  0.000000E+00 |  0.000000E+00 |  0.0549244772 |         nadir
   298 |    49170 |    133 |  0.000000E+00 |  0.000000E+00 |  0.0034748700 |         ideal
   299 |    49335 |    137 |  0.000000E+00 |  0.000000E+00 |  0.0040128163 |             f
   300 |    49500 |    130 |  0.000000E+00 |  0.000000E+00 |  0.0234368799 |         nadir
  MOEA/D     : 130 solutions en 369.3s

--- seed=271 ---
==========================================================================================
n_gen  |  n_eval  | n_nds  |     cv_min    |     cv_avg    |      eps      |   indicator  
==========================================================================================
     1 |      200 |      9 |  0.000000E+00 |  6.2800000000 |             - |             -
     2 |      400 |      8 |  0.000000E+00 |  0.000000E+00 |  0.2953869854 |         ideal
     3 |      600 |     10 |  0.000000E+00 |  0.000000E+00 |  0.1461129691 |         ideal
     4 |      800 |      9 |  0.000000E+00 |  0.000000E+00 |  0.1521042814 |         ideal
     5 |     1000 |     13 |  0.000000E+00 |  0.000000E+00 |  0.0857899092 |             f
     6 |     1200 |      6 |  0.000000E+00 |  0.000000E+00 |  0.0373307303 |         ideal
     7 |     1400 |      5 |  0.000000E+00 |  0.000000E+00 |  0.0287769784 |         ideal
     8 |     1600 |     10 |  0.000000E+00 |  0.000000E+00 |  0.0965519094 |         ideal
     9 |     1800 |     13 |  0.000000E+00 |  0.000000E+00 |  0.0465116279 |         ideal
    10 |     2000 |     11 |  0.000000E+00 |  0.000000E+00 |  0.2073170732 |         ideal
    11 |     2200 |      8 |  0.000000E+00 |  0.000000E+00 |  0.1027027027 |         ideal
    12 |     2400 |      9 |  0.000000E+00 |  0.000000E+00 |  0.1575898912 |         ideal
    13 |     2600 |      7 |  0.000000E+00 |  0.000000E+00 |  0.0710823042 |         ideal
    14 |     2800 |      9 |  0.000000E+00 |  0.000000E+00 |  0.0183681128 |         ideal
    15 |     3000 |     12 |  0.000000E+00 |  0.000000E+00 |  0.0403073782 |         ideal
    16 |     3200 |     12 |  0.000000E+00 |  0.000000E+00 |  0.0919880366 |         ideal
    17 |     3400 |     16 |  0.000000E+00 |  0.000000E+00 |  0.0545454545 |         ideal
    18 |     3600 |     15 |  0.000000E+00 |  0.000000E+00 |  0.1322751323 |         ideal
    19 |     3800 |     14 |  0.000000E+00 |  0.000000E+00 |  0.1200897608 |         ideal
    20 |     4000 |     13 |  0.000000E+00 |  0.000000E+00 |  0.0923082910 |         ideal
    21 |     4200 |      6 |  0.000000E+00 |  0.000000E+00 |  0.1195966518 |         nadir
    22 |     4400 |      6 |  0.000000E+00 |  0.000000E+00 |  0.000000E+00 |             f
    23 |     4600 |      7 |  0.000000E+00 |  0.000000E+00 |  0.1975425511 |         ideal
    24 |     4800 |      5 |  0.000000E+00 |  0.000000E+00 |  0.1842157533 |         ideal
    25 |     5000 |      9 |  0.000000E+00 |  0.000000E+00 |  0.0783582090 |         ideal
    26 |     5200 |     11 |  0.000000E+00 |  0.000000E+00 |  0.0670670816 |         ideal
    27 |     5400 |     10 |  0.000000E+00 |  0.000000E+00 |  0.0551181102 |         ideal
    28 |     5600 |      8 |  0.000000E+00 |  0.000000E+00 |  0.1196581197 |         ideal
    29 |     5800 |      8 |  0.000000E+00 |  0.000000E+00 |  0.000000E+00 |             f
    30 |     6000 |     11 |  0.000000E+00 |  0.000000E+00 |  0.0852879141 |         ideal
    31 |     6200 |     11 |  0.000000E+00 |  0.000000E+00 |  0.000000E+00 |             f
    32 |     6400 |     12 |  0.000000E+00 |  0.000000E+00 |  0.1851697733 |         ideal
    33 |     6600 |     14 |  0.000000E+00 |  0.000000E+00 |  0.0212809343 |             f
    34 |     6800 |     14 |  0.000000E+00 |  0.000000E+00 |  0.2196531792 |         nadir
    35 |     7000 |     15 |  0.000000E+00 |  0.000000E+00 |  0.0305343511 |         ideal
    36 |     7200 |     14 |  0.000000E+00 |  0.000000E+00 |  0.000000E+00 |             f
    37 |     7400 |     16 |  0.000000E+00 |  0.000000E+00 |  0.0418268069 |         ideal
    38 |     7600 |     18 |  0.000000E+00 |  0.000000E+00 |  0.0328371480 |             f
    39 |     7800 |     11 |  0.000000E+00 |  0.000000E+00 |  0.0383137455 |         ideal
    40 |     8000 |     10 |  0.000000E+00 |  0.000000E+00 |  0.1595521843 |         ideal
    41 |     8200 |     11 |  0.000000E+00 |  0.000000E+00 |  0.0198397110 |             f
    42 |     8400 |     12 |  0.000000E+00 |  0.000000E+00 |  0.0239752079 |             f
    43 |     8600 |     11 |  0.000000E+00 |  0.000000E+00 |  0.000000E+00 |             f
    44 |     8800 |     10 |  0.000000E+00 |  0.000000E+00 |  0.000000E+00 |             f
    45 |     9000 |     10 |  0.000000E+00 |  0.000000E+00 |  0.0471698113 |         ideal
    46 |     9200 |      9 |  0.000000E+00 |  0.000000E+00 |  0.1650125124 |         ideal
    47 |     9400 |     10 |  0.000000E+00 |  0.000000E+00 |  0.1769708615 |         ideal
    48 |     9600 |     14 |  0.000000E+00 |  0.000000E+00 |  0.0605070719 |         ideal
    49 |     9800 |     14 |  0.000000E+00 |  0.000000E+00 |  0.000000E+00 |             f
    50 |    10000 |     15 |  0.000000E+00 |  0.000000E+00 |  0.0076091378 |             f
    51 |    10200 |     15 |  0.000000E+00 |  0.000000E+00 |  0.000000E+00 |             f
    52 |    10400 |     14 |  0.000000E+00 |  0.000000E+00 |  0.000000E+00 |             f
    53 |    10600 |     14 |  0.000000E+00 |  0.000000E+00 |  0.0110461427 |             f
    54 |    10800 |     15 |  0.000000E+00 |  0.000000E+00 |  0.0129179609 |             f
    55 |    11000 |     15 |  0.000000E+00 |  0.000000E+00 |  0.000000E+00 |             f
    56 |    11200 |     11 |  0.000000E+00 |  0.000000E+00 |  0.0119121907 |         ideal
    57 |    11400 |     15 |  0.000000E+00 |  0.000000E+00 |  0.0479565952 |         ideal
    58 |    11600 |     14 |  0.000000E+00 |  0.000000E+00 |  0.1008771930 |         ideal
    59 |    11800 |     14 |  0.000000E+00 |  0.000000E+00 |  0.000000E+00 |             f
    60 |    12000 |      6 |  0.000000E+00 |  0.000000E+00 |  0.0414942918 |         ideal
    61 |    12200 |      6 |  0.000000E+00 |  0.000000E+00 |  0.000000E+00 |             f
    62 |    12400 |      7 |  0.000000E+00 |  0.000000E+00 |  0.3012942266 |         ideal
    63 |    12600 |      7 |  0.000000E+00 |  0.000000E+00 |  0.000000E+00 |             f
    64 |    12800 |      9 |  0.000000E+00 |  0.000000E+00 |  0.1242603550 |         nadir
    65 |    13000 |     10 |  0.000000E+00 |  0.000000E+00 |  0.0011972887 |             f
    66 |    13200 |      9 |  0.000000E+00 |  0.000000E+00 |  0.0013303208 |             f
    67 |    13400 |      8 |  0.000000E+00 |  0.000000E+00 |  0.0014966109 |             f
    68 |    13600 |      8 |  0.000000E+00 |  0.000000E+00 |  0.0014966109 |             f
    69 |    13800 |      8 |  0.000000E+00 |  0.000000E+00 |  0.0296292682 |         ideal
    70 |    14000 |      7 |  0.000000E+00 |  0.000000E+00 |  0.1499230422 |         ideal
    71 |    14200 |      7 |  0.000000E+00 |  0.000000E+00 |  0.000000E+00 |             f
    72 |    14400 |      8 |  0.000000E+00 |  0.000000E+00 |  0.1360946746 |         ideal
    73 |    14600 |      8 |  0.000000E+00 |  0.000000E+00 |  0.0230786986 |         nadir
    74 |    14800 |      9 |  0.000000E+00 |  0.000000E+00 |  0.0051233799 |         ideal
    75 |    15000 |      9 |  0.000000E+00 |  0.000000E+00 |  0.000000E+00 |             f
    76 |    15200 |      8 |  0.000000E+00 |  0.000000E+00 |  0.1513157895 |         ideal
    77 |    15400 |      9 |  0.000000E+00 |  0.000000E+00 |  0.0656558502 |         ideal
    78 |    15600 |     11 |  0.000000E+00 |  0.000000E+00 |  0.1314285714 |         ideal
    79 |    15800 |     12 |  0.000000E+00 |  0.000000E+00 |  0.0557882189 |             f
    80 |    16000 |     11 |  0.000000E+00 |  0.000000E+00 |  0.0355029586 |         nadir
    81 |    16200 |      8 |  0.000000E+00 |  0.000000E+00 |  0.0174418605 |         ideal
    82 |    16400 |      8 |  0.000000E+00 |  0.000000E+00 |  0.000000E+00 |             f
    83 |    16600 |      8 |  0.000000E+00 |  0.000000E+00 |  0.000000E+00 |             f
    84 |    16800 |      8 |  0.000000E+00 |  0.000000E+00 |  0.000000E+00 |             f
    85 |    17000 |      9 |  0.000000E+00 |  0.000000E+00 |  0.0143679332 |             f
    86 |    17200 |      9 |  0.000000E+00 |  0.000000E+00 |  0.0139362656 |         ideal
    87 |    17400 |      9 |  0.000000E+00 |  0.000000E+00 |  0.0030251295 |         ideal
    88 |    17600 |     11 |  0.000000E+00 |  0.000000E+00 |  0.6150993878 |         nadir
    89 |    17800 |     11 |  0.000000E+00 |  0.000000E+00 |  0.0552485756 |         ideal
    90 |    18000 |     11 |  0.000000E+00 |  0.000000E+00 |  0.0065789474 |         ideal
    91 |    18200 |     13 |  0.000000E+00 |  0.000000E+00 |  0.0555819824 |         ideal
    92 |    18400 |     12 |  0.000000E+00 |  0.000000E+00 |  0.000000E+00 |             f
    93 |    18600 |     12 |  0.000000E+00 |  0.000000E+00 |  0.000000E+00 |             f
    94 |    18800 |     15 |  0.000000E+00 |  0.000000E+00 |  0.0540733725 |         ideal
    95 |    19000 |     15 |  0.000000E+00 |  0.000000E+00 |  0.0065408976 |             f
    96 |    19200 |     13 |  0.000000E+00 |  0.000000E+00 |  0.0246687439 |             f
    97 |    19400 |     12 |  0.000000E+00 |  0.000000E+00 |  0.0038932930 |         ideal
    98 |    19600 |     12 |  0.000000E+00 |  0.000000E+00 |  0.000000E+00 |             f
    99 |    19800 |     10 |  0.000000E+00 |  0.000000E+00 |  0.0043439863 |         ideal
   100 |    20000 |     13 |  0.000000E+00 |  0.000000E+00 |  0.3463853716 |         nadir
   101 |    20200 |     13 |  0.000000E+00 |  0.000000E+00 |  0.000000E+00 |             f
   102 |    20400 |     14 |  0.000000E+00 |  0.000000E+00 |  0.0145683278 |             f
   103 |    20600 |     13 |  0.000000E+00 |  0.000000E+00 |  0.0181818182 |         ideal
   104 |    20800 |     14 |  0.000000E+00 |  0.000000E+00 |  0.0795711269 |         nadir
   105 |    21000 |     14 |  0.000000E+00 |  0.000000E+00 |  0.0864500553 |         nadir
   106 |    21200 |     14 |  0.000000E+00 |  0.000000E+00 |  0.0189053438 |         ideal
   107 |    21400 |     16 |  0.000000E+00 |  0.000000E+00 |  0.0231321335 |             f
   108 |    21600 |     17 |  0.000000E+00 |  0.000000E+00 |  0.0113008732 |             f
   109 |    21800 |     16 |  0.000000E+00 |  0.000000E+00 |  0.0235800508 |         ideal
   110 |    22000 |     12 |  0.000000E+00 |  0.000000E+00 |  0.0764803831 |         ideal
   111 |    22200 |     13 |  0.000000E+00 |  0.000000E+00 |  0.0232821758 |             f
   112 |    22400 |     13 |  0.000000E+00 |  0.000000E+00 |  0.000000E+00 |             f
   113 |    22600 |     11 |  0.000000E+00 |  0.000000E+00 |  0.0889389512 |         ideal
   114 |    22800 |     12 |  0.000000E+00 |  0.000000E+00 |  0.0143249924 |             f
   115 |    23000 |     11 |  0.000000E+00 |  0.000000E+00 |  0.2882885672 |         nadir
   116 |    23200 |     11 |  0.000000E+00 |  0.000000E+00 |  0.0098490858 |         ideal
   117 |    23400 |     11 |  0.000000E+00 |  0.000000E+00 |  0.0043668122 |         nadir
   118 |    23600 |     10 |  0.000000E+00 |  0.000000E+00 |  0.000000E+00 |             f
   119 |    23800 |     11 |  0.000000E+00 |  0.000000E+00 |  0.0274346576 |             f
   120 |    24000 |     11 |  0.000000E+00 |  0.000000E+00 |  0.0338866597 |             f
   121 |    24200 |     12 |  0.000000E+00 |  0.000000E+00 |  0.0238149456 |             f
   122 |    24400 |     13 |  0.000000E+00 |  0.000000E+00 |  0.0290697674 |         ideal
   123 |    24600 |     14 |  0.000000E+00 |  0.000000E+00 |  0.0817610063 |         nadir
   124 |    24800 |     13 |  0.000000E+00 |  0.000000E+00 |  0.0258096418 |             f
   125 |    25000 |     13 |  0.000000E+00 |  0.000000E+00 |  0.0265448760 |             f
   126 |    25200 |     15 |  0.000000E+00 |  0.000000E+00 |  0.1718750000 |         nadir
   127 |    25400 |     13 |  0.000000E+00 |  0.000000E+00 |  0.2690093847 |         ideal
   128 |    25600 |     17 |  0.000000E+00 |  0.000000E+00 |  0.1941088675 |         ideal
   129 |    25800 |     19 |  0.000000E+00 |  0.000000E+00 |  0.0246788631 |             f
   130 |    26000 |     12 |  0.000000E+00 |  0.000000E+00 |  0.0431862191 |         ideal
   131 |    26200 |     17 |  0.000000E+00 |  0.000000E+00 |  0.2011049388 |         nadir
   132 |    26400 |     13 |  0.000000E+00 |  0.000000E+00 |  0.0696975983 |         nadir
   133 |    26600 |     13 |  0.000000E+00 |  0.000000E+00 |  0.1185570288 |         ideal
   134 |    26800 |     14 |  0.000000E+00 |  0.000000E+00 |  0.0902651010 |         ideal
   135 |    27000 |     16 |  0.000000E+00 |  0.000000E+00 |  0.1832873948 |         ideal
   136 |    27200 |     12 |  0.000000E+00 |  0.000000E+00 |  0.0309580280 |             f
   137 |    27400 |     12 |  0.000000E+00 |  0.000000E+00 |  0.0213345004 |             f
   138 |    27600 |     11 |  0.000000E+00 |  0.000000E+00 |  0.0102223255 |             f
   139 |    27800 |     13 |  0.000000E+00 |  0.000000E+00 |  0.0533541915 |             f
   140 |    28000 |     14 |  0.000000E+00 |  0.000000E+00 |  0.0263655768 |             f
   141 |    28200 |     12 |  0.000000E+00 |  0.000000E+00 |  0.1844806101 |         ideal
   142 |    28400 |     13 |  0.000000E+00 |  0.000000E+00 |  0.1736217413 |         nadir
   143 |    28600 |     13 |  0.000000E+00 |  0.000000E+00 |  0.0200778196 |         ideal
   144 |    28800 |     13 |  0.000000E+00 |  0.000000E+00 |  0.0321418385 |         ideal
   145 |    29000 |      9 |  0.000000E+00 |  0.000000E+00 |  0.3424751967 |         ideal
   146 |    29200 |     10 |  0.000000E+00 |  0.000000E+00 |  0.0298888602 |         ideal
   147 |    29400 |     12 |  0.000000E+00 |  0.000000E+00 |  0.3176261884 |         nadir
   148 |    29600 |     14 |  0.000000E+00 |  0.000000E+00 |  0.1384543493 |         ideal
   149 |    29800 |     12 |  0.000000E+00 |  0.000000E+00 |  0.0846165539 |         ideal
   150 |    30000 |     14 |  0.000000E+00 |  0.000000E+00 |  0.1765066055 |         nadir
   151 |    30200 |     11 |  0.000000E+00 |  0.000000E+00 |  0.0620723057 |             f
   152 |    30400 |     12 |  0.000000E+00 |  0.000000E+00 |  0.1652892562 |         ideal
   153 |    30600 |     13 |  0.000000E+00 |  0.000000E+00 |  0.1167883212 |         ideal
   154 |    30800 |     16 |  0.000000E+00 |  0.000000E+00 |  0.0239527230 |         ideal
   155 |    31000 |     18 |  0.000000E+00 |  0.000000E+00 |  0.0444951032 |             f
   156 |    31200 |     19 |  0.000000E+00 |  0.000000E+00 |  0.0902777778 |         ideal
   157 |    31400 |     14 |  0.000000E+00 |  0.000000E+00 |  0.1536863580 |         ideal
   158 |    31600 |     14 |  0.000000E+00 |  0.000000E+00 |  0.0385397093 |             f
   159 |    31800 |      9 |  0.000000E+00 |  0.000000E+00 |  0.1075434130 |         ideal
   160 |    32000 |     13 |  0.000000E+00 |  0.000000E+00 |  0.0759249645 |         ideal
   161 |    32200 |     18 |  0.000000E+00 |  0.000000E+00 |  0.0359712230 |         ideal
   162 |    32400 |     16 |  0.000000E+00 |  0.000000E+00 |  0.0373134328 |         ideal
   163 |    32600 |     20 |  0.000000E+00 |  0.000000E+00 |  0.0455550238 |             f
   164 |    32800 |     19 |  0.000000E+00 |  0.000000E+00 |  0.0821917808 |         ideal
   165 |    33000 |     21 |  0.000000E+00 |  0.000000E+00 |  0.0504409192 |         ideal
   166 |    33200 |     21 |  0.000000E+00 |  0.000000E+00 |  0.0479028176 |         nadir
   167 |    33400 |     19 |  0.000000E+00 |  0.000000E+00 |  0.0385739361 |         ideal
   168 |    33600 |     23 |  0.000000E+00 |  0.000000E+00 |  0.0105112003 |         ideal
   169 |    33800 |     23 |  0.000000E+00 |  0.000000E+00 |  0.0342943347 |         ideal
   170 |    34000 |     20 |  0.000000E+00 |  0.000000E+00 |  0.1190476190 |         nadir
   171 |    34200 |     23 |  0.000000E+00 |  0.000000E+00 |  0.1351351351 |         nadir
   172 |    34400 |     22 |  0.000000E+00 |  0.000000E+00 |  0.0458350653 |         ideal
   173 |    34600 |     22 |  0.000000E+00 |  0.000000E+00 |  0.1152060278 |         ideal
   174 |    34800 |     22 |  0.000000E+00 |  0.000000E+00 |  0.2920380804 |         nadir
   175 |    35000 |     22 |  0.000000E+00 |  0.000000E+00 |  0.1757963803 |         nadir
   176 |    35200 |     21 |  0.000000E+00 |  0.000000E+00 |  0.0439621790 |         ideal
   177 |    35400 |     19 |  0.000000E+00 |  0.000000E+00 |  0.0507246377 |         ideal
   178 |    35600 |     20 |  0.000000E+00 |  0.000000E+00 |  0.1470603288 |         nadir
   179 |    35800 |     23 |  0.000000E+00 |  0.000000E+00 |  0.0904783579 |         ideal
   180 |    36000 |     21 |  0.000000E+00 |  0.000000E+00 |  0.0606060606 |         ideal
   181 |    36200 |     21 |  0.000000E+00 |  0.000000E+00 |  0.0177370280 |             f
   182 |    36400 |     22 |  0.000000E+00 |  0.000000E+00 |  0.0196933759 |             f
   183 |    36600 |     18 |  0.000000E+00 |  0.000000E+00 |  0.0360438875 |         nadir
   184 |    36800 |     21 |  0.000000E+00 |  0.000000E+00 |  0.0140225076 |         ideal
   185 |    37000 |     21 |  0.000000E+00 |  0.000000E+00 |  0.0041334043 |             f
   186 |    37200 |     22 |  0.000000E+00 |  0.000000E+00 |  0.0241042632 |         ideal
   187 |    37400 |     22 |  0.000000E+00 |  0.000000E+00 |  0.0275444762 |             f
   188 |    37600 |     17 |  0.000000E+00 |  0.000000E+00 |  0.1019108768 |         ideal
   189 |    37800 |     19 |  0.000000E+00 |  0.000000E+00 |  0.0363219359 |         nadir
   190 |    38000 |     20 |  0.000000E+00 |  0.000000E+00 |  0.0225254136 |             f
   191 |    38200 |     19 |  0.000000E+00 |  0.000000E+00 |  0.1250000000 |         nadir
   192 |    38400 |     13 |  0.000000E+00 |  0.000000E+00 |  0.0591797776 |         ideal
   193 |    38600 |     12 |  0.000000E+00 |  0.000000E+00 |  0.2121481320 |         ideal
   194 |    38800 |     13 |  0.000000E+00 |  0.000000E+00 |  0.1440756450 |         ideal
   195 |    39000 |     13 |  0.000000E+00 |  0.000000E+00 |  0.0782601910 |         ideal
   196 |    39200 |     19 |  0.000000E+00 |  0.000000E+00 |  0.0726619101 |         ideal
   197 |    39400 |     22 |  0.000000E+00 |  0.000000E+00 |  0.0079365079 |         ideal
   198 |    39600 |     18 |  0.000000E+00 |  0.000000E+00 |  0.0236348294 |         ideal
   199 |    39800 |     11 |  0.000000E+00 |  0.000000E+00 |  0.1385175983 |         ideal
   200 |    40000 |     12 |  0.000000E+00 |  0.000000E+00 |  0.0588235294 |         ideal
   201 |    40200 |     14 |  0.000000E+00 |  0.000000E+00 |  0.0555555556 |         ideal
   202 |    40400 |     13 |  0.000000E+00 |  0.000000E+00 |  0.0120856821 |             f
   203 |    40600 |     13 |  0.000000E+00 |  0.000000E+00 |  0.000000E+00 |             f
   204 |    40800 |     18 |  0.000000E+00 |  0.000000E+00 |  0.0526315789 |         nadir
   205 |    41000 |     15 |  0.000000E+00 |  0.000000E+00 |  0.0073383129 |             f
   206 |    41200 |     16 |  0.000000E+00 |  0.000000E+00 |  0.0337805417 |             f
   207 |    41400 |     15 |  0.000000E+00 |  0.000000E+00 |  0.0168256682 |             f
   208 |    41600 |     17 |  0.000000E+00 |  0.000000E+00 |  0.0534351145 |         ideal
   209 |    41800 |     15 |  0.000000E+00 |  0.000000E+00 |  0.0798792755 |         nadir
   210 |    42000 |     15 |  0.000000E+00 |  0.000000E+00 |  0.0575539568 |         nadir
   211 |    42200 |     16 |  0.000000E+00 |  0.000000E+00 |  0.0145985401 |         ideal
   212 |    42400 |     14 |  0.000000E+00 |  0.000000E+00 |  0.0095756438 |         ideal
   213 |    42600 |     13 |  0.000000E+00 |  0.000000E+00 |  0.0584415584 |         ideal
   214 |    42800 |     17 |  0.000000E+00 |  0.000000E+00 |  0.0376733890 |         ideal
   215 |    43000 |     15 |  0.000000E+00 |  0.000000E+00 |  0.0514293171 |         nadir
   216 |    43200 |     12 |  0.000000E+00 |  0.000000E+00 |  0.1000000000 |         nadir
   217 |    43400 |     14 |  0.000000E+00 |  0.000000E+00 |  0.0404972080 |             f
   218 |    43600 |     18 |  0.000000E+00 |  0.000000E+00 |  0.0199407381 |         ideal
   219 |    43800 |     21 |  0.000000E+00 |  0.000000E+00 |  0.0207412493 |             f
   220 |    44000 |     18 |  0.000000E+00 |  0.000000E+00 |  0.0697674419 |         ideal
   221 |    44200 |     17 |  0.000000E+00 |  0.000000E+00 |  0.0122131680 |             f
   222 |    44400 |     15 |  0.000000E+00 |  0.000000E+00 |  0.0276343072 |             f
   223 |    44600 |     16 |  0.000000E+00 |  0.000000E+00 |  0.0123854526 |         ideal
   224 |    44800 |     16 |  0.000000E+00 |  0.000000E+00 |  0.0343685706 |             f
   225 |    45000 |     18 |  0.000000E+00 |  0.000000E+00 |  0.0236220472 |         ideal
   226 |    45200 |     19 |  0.000000E+00 |  0.000000E+00 |  0.0078125000 |         nadir
   227 |    45400 |     20 |  0.000000E+00 |  0.000000E+00 |  0.0187826628 |             f
   228 |    45600 |     23 |  0.000000E+00 |  0.000000E+00 |  0.0078740157 |         nadir
   229 |    45800 |     19 |  0.000000E+00 |  0.000000E+00 |  0.0016778881 |             f
   230 |    46000 |     20 |  0.000000E+00 |  0.000000E+00 |  0.0876023594 |         ideal
   231 |    46200 |     20 |  0.000000E+00 |  0.000000E+00 |  0.0170738686 |             f
   232 |    46400 |     19 |  0.000000E+00 |  0.000000E+00 |  0.0173530156 |             f
   233 |    46600 |     16 |  0.000000E+00 |  0.000000E+00 |  0.0378787879 |         ideal
   234 |    46800 |     20 |  0.000000E+00 |  0.000000E+00 |  0.0030713802 |         ideal
   235 |    47000 |     20 |  0.000000E+00 |  0.000000E+00 |  0.0238376121 |             f
   236 |    47200 |     22 |  0.000000E+00 |  0.000000E+00 |  0.0440038228 |         ideal
   237 |    47400 |     20 |  0.000000E+00 |  0.000000E+00 |  0.0530375122 |         ideal
   238 |    47600 |     16 |  0.000000E+00 |  0.000000E+00 |  0.0384615385 |         ideal
   239 |    47800 |     18 |  0.000000E+00 |  0.000000E+00 |  0.0158608552 |         ideal
   240 |    48000 |     20 |  0.000000E+00 |  0.000000E+00 |  0.0320378000 |             f
   241 |    48200 |     22 |  0.000000E+00 |  0.000000E+00 |  0.0269092146 |             f
   242 |    48400 |     22 |  0.000000E+00 |  0.000000E+00 |  0.0381679389 |         ideal
   243 |    48600 |     23 |  0.000000E+00 |  0.000000E+00 |  0.0237309669 |             f
   244 |    48800 |     22 |  0.000000E+00 |  0.000000E+00 |  0.0067181839 |         ideal
   245 |    49000 |     24 |  0.000000E+00 |  0.000000E+00 |  0.0136843156 |         ideal
   246 |    49200 |     26 |  0.000000E+00 |  0.000000E+00 |  0.0290656144 |         ideal
   247 |    49400 |     27 |  0.000000E+00 |  0.000000E+00 |  0.0057351645 |             f
   248 |    49600 |     28 |  0.000000E+00 |  0.000000E+00 |  0.0143574755 |             f
   249 |    49800 |     31 |  0.000000E+00 |  0.000000E+00 |  0.0049712980 |         ideal
   250 |    50000 |     26 |  0.000000E+00 |  0.000000E+00 |  0.0434782609 |         ideal
   251 |    50200 |     28 |  0.000000E+00 |  0.000000E+00 |  0.0076005514 |         ideal
   252 |    50400 |     29 |  0.000000E+00 |  0.000000E+00 |  0.0303030303 |         ideal
   253 |    50600 |     28 |  0.000000E+00 |  0.000000E+00 |  0.0115181934 |         ideal
   254 |    50800 |     29 |  0.000000E+00 |  0.000000E+00 |  0.0158522064 |         ideal
   255 |    51000 |     29 |  0.000000E+00 |  0.000000E+00 |  0.000000E+00 |             f
   256 |    51200 |     27 |  0.000000E+00 |  0.000000E+00 |  0.0327578321 |             f
   257 |    51400 |     28 |  0.000000E+00 |  0.000000E+00 |  0.0230645226 |         ideal
   258 |    51600 |     27 |  0.000000E+00 |  0.000000E+00 |  0.0006185276 |             f
   259 |    51800 |     26 |  0.000000E+00 |  0.000000E+00 |  0.0503597122 |         ideal
   260 |    52000 |     23 |  0.000000E+00 |  0.000000E+00 |  0.0112111823 |         ideal
   261 |    52200 |     22 |  0.000000E+00 |  0.000000E+00 |  0.000000E+00 |             f
   262 |    52400 |     27 |  0.000000E+00 |  0.000000E+00 |  0.0443272796 |             f
   263 |    52600 |     25 |  0.000000E+00 |  0.000000E+00 |  0.0065191819 |             f
   264 |    52800 |     25 |  0.000000E+00 |  0.000000E+00 |  0.0127225832 |         ideal
   265 |    53000 |     25 |  0.000000E+00 |  0.000000E+00 |  0.0123901931 |             f
   266 |    53200 |     25 |  0.000000E+00 |  0.000000E+00 |  0.0170280383 |             f
   267 |    53400 |     20 |  0.000000E+00 |  0.000000E+00 |  0.2086956522 |         ideal
   268 |    53600 |     24 |  0.000000E+00 |  0.000000E+00 |  0.1015625000 |         ideal
   269 |    53800 |     25 |  0.000000E+00 |  0.000000E+00 |  0.0342617089 |             f
   270 |    54000 |     26 |  0.000000E+00 |  0.000000E+00 |  0.0125815409 |             f
   271 |    54200 |     26 |  0.000000E+00 |  0.000000E+00 |  0.1182911794 |         nadir
   272 |    54400 |     26 |  0.000000E+00 |  0.000000E+00 |  0.0035733255 |             f
   273 |    54600 |     26 |  0.000000E+00 |  0.000000E+00 |  0.0172328382 |         nadir
   274 |    54800 |     27 |  0.000000E+00 |  0.000000E+00 |  0.0154392854 |         ideal
   275 |    55000 |     27 |  0.000000E+00 |  0.000000E+00 |  0.0033567949 |             f
   276 |    55200 |     27 |  0.000000E+00 |  0.000000E+00 |  0.0024938790 |             f
   277 |    55400 |     21 |  0.000000E+00 |  0.000000E+00 |  0.0281524271 |         ideal
   278 |    55600 |     29 |  0.000000E+00 |  0.000000E+00 |  0.0601503759 |         ideal
   279 |    55800 |     28 |  0.000000E+00 |  0.000000E+00 |  0.0362391714 |         ideal
   280 |    56000 |     28 |  0.000000E+00 |  0.000000E+00 |  0.0074626866 |         nadir
   281 |    56200 |     28 |  0.000000E+00 |  0.000000E+00 |  0.0148148148 |         ideal
   282 |    56400 |     29 |  0.000000E+00 |  0.000000E+00 |  0.0167998461 |             f
   283 |    56600 |     30 |  0.000000E+00 |  0.000000E+00 |  0.0074626866 |         nadir
   284 |    56800 |     31 |  0.000000E+00 |  0.000000E+00 |  0.0076177780 |         ideal
   285 |    57000 |     30 |  0.000000E+00 |  0.000000E+00 |  0.0079960572 |             f
   286 |    57200 |     30 |  0.000000E+00 |  0.000000E+00 |  0.0426570771 |         nadir
   287 |    57400 |     29 |  0.000000E+00 |  0.000000E+00 |  0.0604007459 |         ideal
   288 |    57600 |     31 |  0.000000E+00 |  0.000000E+00 |  0.0712968685 |         nadir
   289 |    57800 |     31 |  0.000000E+00 |  0.000000E+00 |  0.000000E+00 |             f
   290 |    58000 |     30 |  0.000000E+00 |  0.000000E+00 |  0.000000E+00 |             f
   291 |    58200 |     30 |  0.000000E+00 |  0.000000E+00 |  0.0106491502 |             f
   292 |    58400 |     29 |  0.000000E+00 |  0.000000E+00 |  0.1098077289 |         nadir
   293 |    58600 |     30 |  0.000000E+00 |  0.000000E+00 |  0.0091808007 |             f
   294 |    58800 |     24 |  0.000000E+00 |  0.000000E+00 |  0.0476190476 |         ideal
   295 |    59000 |     24 |  0.000000E+00 |  0.000000E+00 |  0.0232558140 |         ideal
   296 |    59200 |     24 |  0.000000E+00 |  0.000000E+00 |  0.0082808081 |         ideal
   297 |    59400 |     24 |  0.000000E+00 |  0.000000E+00 |  0.0076923077 |         nadir
   298 |    59600 |     24 |  0.000000E+00 |  0.000000E+00 |  0.0063836243 |             f
   299 |    59800 |     24 |  0.000000E+00 |  0.000000E+00 |  0.0076335878 |         ideal
   300 |    60000 |     25 |  0.000000E+00 |  0.000000E+00 |  0.0458293761 |         nadir
  NSGA-III   : 25 solutions en 428.5s
  QI-NSGA-III: 181 solutions en 128.9s
==========================================================================================
n_gen  |  n_eval  | n_nds  |     cv_min    |     cv_avg    |      eps      |   indicator  
==========================================================================================
     1 |      165 |     10 |  0.000000E+00 |  6.9818181818 |             - |             -
     2 |      330 |    151 |  0.000000E+00 |  0.000000E+00 |  0.5034109973 |         ideal
     3 |      495 |    159 |  0.000000E+00 |  0.000000E+00 |  0.4077445666 |         ideal
     4 |      660 |    130 |  0.000000E+00 |  0.000000E+00 |  0.3744253742 |         ideal
     5 |      825 |     92 |  0.000000E+00 |  0.000000E+00 |  0.1494801609 |         ideal
     6 |      990 |     87 |  0.000000E+00 |  0.000000E+00 |  0.1552033210 |         ideal
     7 |     1155 |     90 |  0.000000E+00 |  0.000000E+00 |  0.1569701252 |         ideal
     8 |     1320 |    112 |  0.000000E+00 |  0.000000E+00 |  0.1860465116 |         ideal
     9 |     1485 |     99 |  0.000000E+00 |  0.000000E+00 |  0.0103101423 |         ideal
    10 |     1650 |     90 |  0.000000E+00 |  0.000000E+00 |  0.0498835727 |         ideal
    11 |     1815 |     91 |  0.000000E+00 |  0.000000E+00 |  0.0833333333 |         nadir
    12 |     1980 |    126 |  0.000000E+00 |  0.000000E+00 |  0.2800000000 |         ideal
    13 |     2145 |    126 |  0.000000E+00 |  0.000000E+00 |  0.0134970161 |         ideal
    14 |     2310 |    101 |  0.000000E+00 |  0.000000E+00 |  0.0047925479 |         ideal
    15 |     2475 |     99 |  0.000000E+00 |  0.000000E+00 |  0.0174984257 |         ideal
    16 |     2640 |    130 |  0.000000E+00 |  0.000000E+00 |  0.0323844254 |         ideal
    17 |     2805 |    119 |  0.000000E+00 |  0.000000E+00 |  0.0396625306 |         ideal
    18 |     2970 |    125 |  0.000000E+00 |  0.000000E+00 |  0.2461538462 |         ideal
    19 |     3135 |    105 |  0.000000E+00 |  0.000000E+00 |  0.0879016364 |         ideal
    20 |     3300 |     85 |  0.000000E+00 |  0.000000E+00 |  0.3077591923 |         ideal
    21 |     3465 |     81 |  0.000000E+00 |  0.000000E+00 |  0.0634920635 |         ideal
    22 |     3630 |     62 |  0.000000E+00 |  0.000000E+00 |  0.1706763822 |         ideal
    23 |     3795 |    100 |  0.000000E+00 |  0.000000E+00 |  0.2125000000 |         ideal
    24 |     3960 |     83 |  0.000000E+00 |  0.000000E+00 |  0.0751147615 |         ideal
    25 |     4125 |    108 |  0.000000E+00 |  0.000000E+00 |  0.0113282512 |         ideal
    26 |     4290 |    123 |  0.000000E+00 |  0.000000E+00 |  0.2518609232 |         nadir
    27 |     4455 |    130 |  0.000000E+00 |  0.000000E+00 |  0.0750397585 |         ideal
    28 |     4620 |    126 |  0.000000E+00 |  0.000000E+00 |  0.0487311485 |         ideal
    29 |     4785 |    153 |  0.000000E+00 |  0.000000E+00 |  0.0193442432 |         ideal
    30 |     4950 |    154 |  0.000000E+00 |  0.000000E+00 |  0.0326985411 |             f
    31 |     5115 |    138 |  0.000000E+00 |  0.000000E+00 |  0.0390499094 |             f
    32 |     5280 |    149 |  0.000000E+00 |  0.000000E+00 |  0.0040066430 |         ideal
    33 |     5445 |    139 |  0.000000E+00 |  0.000000E+00 |  0.0153615416 |         ideal
    34 |     5610 |    140 |  0.000000E+00 |  0.000000E+00 |  0.0661771296 |         nadir
    35 |     5775 |    135 |  0.000000E+00 |  0.000000E+00 |  0.0029262913 |         ideal
    36 |     5940 |    140 |  0.000000E+00 |  0.000000E+00 |  0.0437949674 |             f
    37 |     6105 |    125 |  0.000000E+00 |  0.000000E+00 |  0.0447605680 |         nadir
    38 |     6270 |    132 |  0.000000E+00 |  0.000000E+00 |  0.0594651161 |         nadir
    39 |     6435 |    130 |  0.000000E+00 |  0.000000E+00 |  0.0632247853 |         nadir
    40 |     6600 |    106 |  0.000000E+00 |  0.000000E+00 |  0.0438724414 |         ideal
    41 |     6765 |    127 |  0.000000E+00 |  0.000000E+00 |  0.2954956975 |         nadir
    42 |     6930 |    119 |  0.000000E+00 |  0.000000E+00 |  0.0344827586 |         ideal
    43 |     7095 |    137 |  0.000000E+00 |  0.000000E+00 |  0.0840185773 |         ideal
    44 |     7260 |    132 |  0.000000E+00 |  0.000000E+00 |  0.2646913498 |         nadir
    45 |     7425 |    145 |  0.000000E+00 |  0.000000E+00 |  0.0618381839 |         ideal
    46 |     7590 |    146 |  0.000000E+00 |  0.000000E+00 |  0.0108295821 |             f
    47 |     7755 |    119 |  0.000000E+00 |  0.000000E+00 |  0.0141299430 |             f
    48 |     7920 |     96 |  0.000000E+00 |  0.000000E+00 |  0.0185123288 |         ideal
    49 |     8085 |    115 |  0.000000E+00 |  0.000000E+00 |  0.0344827586 |         ideal
    50 |     8250 |    105 |  0.000000E+00 |  0.000000E+00 |  0.0333333333 |         ideal
    51 |     8415 |    100 |  0.000000E+00 |  0.000000E+00 |  0.0116438261 |             f
    52 |     8580 |    125 |  0.000000E+00 |  0.000000E+00 |  0.0213742555 |         nadir
    53 |     8745 |    138 |  0.000000E+00 |  0.000000E+00 |  0.0957840982 |         ideal
    54 |     8910 |    140 |  0.000000E+00 |  0.000000E+00 |  0.0406754909 |         ideal
    55 |     9075 |    149 |  0.000000E+00 |  0.000000E+00 |  0.0818911974 |         ideal
    56 |     9240 |    130 |  0.000000E+00 |  0.000000E+00 |  0.4953979190 |         nadir
    57 |     9405 |    108 |  0.000000E+00 |  0.000000E+00 |  0.0486586331 |         ideal
    58 |     9570 |    136 |  0.000000E+00 |  0.000000E+00 |  0.0380262884 |         ideal
    59 |     9735 |    132 |  0.000000E+00 |  0.000000E+00 |  0.2262019375 |         ideal
    60 |     9900 |    148 |  0.000000E+00 |  0.000000E+00 |  0.0304604156 |         ideal
    61 |    10065 |    127 |  0.000000E+00 |  0.000000E+00 |  0.0045734826 |         ideal
    62 |    10230 |    109 |  0.000000E+00 |  0.000000E+00 |  0.0171659456 |         ideal
    63 |    10395 |    119 |  0.000000E+00 |  0.000000E+00 |  0.1190476190 |         ideal
    64 |    10560 |    123 |  0.000000E+00 |  0.000000E+00 |  0.0799749960 |         ideal
    65 |    10725 |     89 |  0.000000E+00 |  0.000000E+00 |  0.1212121212 |         ideal
    66 |    10890 |     99 |  0.000000E+00 |  0.000000E+00 |  0.1301441520 |         nadir
    67 |    11055 |    105 |  0.000000E+00 |  0.000000E+00 |  0.0025694869 |         ideal
    68 |    11220 |     99 |  0.000000E+00 |  0.000000E+00 |  0.0373921011 |         ideal
    69 |    11385 |    114 |  0.000000E+00 |  0.000000E+00 |  0.0188081583 |         nadir
    70 |    11550 |    133 |  0.000000E+00 |  0.000000E+00 |  0.0934364453 |         nadir
    71 |    11715 |    134 |  0.000000E+00 |  0.000000E+00 |  0.1030666243 |         nadir
    72 |    11880 |    131 |  0.000000E+00 |  0.000000E+00 |  0.0144933611 |         ideal
    73 |    12045 |    132 |  0.000000E+00 |  0.000000E+00 |  0.0372157994 |         ideal
    74 |    12210 |    150 |  0.000000E+00 |  0.000000E+00 |  0.0500000000 |         ideal
    75 |    12375 |    155 |  0.000000E+00 |  0.000000E+00 |  0.0195237711 |         ideal
    76 |    12540 |    149 |  0.000000E+00 |  0.000000E+00 |  0.0154110391 |             f
    77 |    12705 |    154 |  0.000000E+00 |  0.000000E+00 |  0.0189043542 |         ideal
    78 |    12870 |    158 |  0.000000E+00 |  0.000000E+00 |  0.0308810238 |         nadir
    79 |    13035 |    158 |  0.000000E+00 |  0.000000E+00 |  0.0004488177 |             f
    80 |    13200 |    151 |  0.000000E+00 |  0.000000E+00 |  0.0416666667 |         ideal
    81 |    13365 |    155 |  0.000000E+00 |  0.000000E+00 |  0.0002688388 |             f
    82 |    13530 |    155 |  0.000000E+00 |  0.000000E+00 |  0.0305433627 |         ideal
    83 |    13695 |    139 |  0.000000E+00 |  0.000000E+00 |  0.2808425170 |         ideal
    84 |    13860 |    125 |  0.000000E+00 |  0.000000E+00 |  0.0435238278 |         ideal
    85 |    14025 |    121 |  0.000000E+00 |  0.000000E+00 |  0.0229750452 |         ideal
    86 |    14190 |    120 |  0.000000E+00 |  0.000000E+00 |  0.0197504875 |             f
    87 |    14355 |    127 |  0.000000E+00 |  0.000000E+00 |  0.0750955119 |         nadir
    88 |    14520 |    126 |  0.000000E+00 |  0.000000E+00 |  0.0101097945 |         nadir
    89 |    14685 |    139 |  0.000000E+00 |  0.000000E+00 |  0.1012083744 |         nadir
    90 |    14850 |    124 |  0.000000E+00 |  0.000000E+00 |  0.0333333333 |         ideal
    91 |    15015 |    135 |  0.000000E+00 |  0.000000E+00 |  0.0322580645 |         ideal
    92 |    15180 |    121 |  0.000000E+00 |  0.000000E+00 |  0.2055364928 |         ideal
    93 |    15345 |    143 |  0.000000E+00 |  0.000000E+00 |  0.0281867000 |         ideal
    94 |    15510 |    153 |  0.000000E+00 |  0.000000E+00 |  0.0117748202 |             f
    95 |    15675 |    152 |  0.000000E+00 |  0.000000E+00 |  0.0358901566 |         ideal
    96 |    15840 |    151 |  0.000000E+00 |  0.000000E+00 |  0.0513444467 |         ideal
    97 |    16005 |    118 |  0.000000E+00 |  0.000000E+00 |  0.0540540541 |         nadir
    98 |    16170 |    155 |  0.000000E+00 |  0.000000E+00 |  0.0182624973 |         ideal
    99 |    16335 |    134 |  0.000000E+00 |  0.000000E+00 |  0.0141209365 |             f
   100 |    16500 |    151 |  0.000000E+00 |  0.000000E+00 |  0.1694915254 |         ideal
   101 |    16665 |    130 |  0.000000E+00 |  0.000000E+00 |  0.0634920635 |         ideal
   102 |    16830 |    132 |  0.000000E+00 |  0.000000E+00 |  0.0747171859 |         ideal
   103 |    16995 |    117 |  0.000000E+00 |  0.000000E+00 |  0.1076415563 |         nadir
   104 |    17160 |    131 |  0.000000E+00 |  0.000000E+00 |  0.0677966102 |         nadir
   105 |    17325 |    125 |  0.000000E+00 |  0.000000E+00 |  0.0373896753 |         ideal
   106 |    17490 |    132 |  0.000000E+00 |  0.000000E+00 |  0.0649455185 |             f
   107 |    17655 |    105 |  0.000000E+00 |  0.000000E+00 |  0.0628977593 |         nadir
   108 |    17820 |     92 |  0.000000E+00 |  0.000000E+00 |  0.0240119757 |         ideal
   109 |    17985 |    109 |  0.000000E+00 |  0.000000E+00 |  0.0169491525 |         ideal
   110 |    18150 |    112 |  0.000000E+00 |  0.000000E+00 |  0.0256975111 |         ideal
   111 |    18315 |    112 |  0.000000E+00 |  0.000000E+00 |  0.1626683974 |         nadir
   112 |    18480 |    130 |  0.000000E+00 |  0.000000E+00 |  0.0327868852 |         ideal
   113 |    18645 |    130 |  0.000000E+00 |  0.000000E+00 |  0.0338983051 |         ideal
   114 |    18810 |    141 |  0.000000E+00 |  0.000000E+00 |  0.0210075824 |         nadir
   115 |    18975 |    115 |  0.000000E+00 |  0.000000E+00 |  0.0045372274 |         ideal
   116 |    19140 |    104 |  0.000000E+00 |  0.000000E+00 |  0.0145330234 |         ideal
   117 |    19305 |    131 |  0.000000E+00 |  0.000000E+00 |  0.1692350917 |         ideal
   118 |    19470 |    131 |  0.000000E+00 |  0.000000E+00 |  0.0249420635 |         ideal
   119 |    19635 |    133 |  0.000000E+00 |  0.000000E+00 |  0.0182085691 |             f
   120 |    19800 |    119 |  0.000000E+00 |  0.000000E+00 |  0.0508003284 |         ideal
   121 |    19965 |    118 |  0.000000E+00 |  0.000000E+00 |  0.0517241379 |         nadir
   122 |    20130 |    131 |  0.000000E+00 |  0.000000E+00 |  0.0003727134 |             f
   123 |    20295 |    135 |  0.000000E+00 |  0.000000E+00 |  0.0645161290 |         ideal
   124 |    20460 |    135 |  0.000000E+00 |  0.000000E+00 |  0.0017612709 |             f
   125 |    20625 |    136 |  0.000000E+00 |  0.000000E+00 |  0.0107844480 |             f
   126 |    20790 |    141 |  0.000000E+00 |  0.000000E+00 |  0.0461538462 |         ideal
   127 |    20955 |    112 |  0.000000E+00 |  0.000000E+00 |  0.0065372953 |         nadir
   128 |    21120 |    122 |  0.000000E+00 |  0.000000E+00 |  0.0547381025 |         ideal
   129 |    21285 |    122 |  0.000000E+00 |  0.000000E+00 |  0.1602725730 |         nadir
   130 |    21450 |    112 |  0.000000E+00 |  0.000000E+00 |  0.0268836751 |             f
   131 |    21615 |    116 |  0.000000E+00 |  0.000000E+00 |  0.0187003843 |         ideal
   132 |    21780 |    114 |  0.000000E+00 |  0.000000E+00 |  0.2236842105 |         ideal
   133 |    21945 |    124 |  0.000000E+00 |  0.000000E+00 |  0.0913776053 |         nadir
   134 |    22110 |    137 |  0.000000E+00 |  0.000000E+00 |  0.0129870130 |         ideal
   135 |    22275 |    137 |  0.000000E+00 |  0.000000E+00 |  0.0880455002 |         ideal
   136 |    22440 |    139 |  0.000000E+00 |  0.000000E+00 |  0.0059010320 |         ideal
   137 |    22605 |    144 |  0.000000E+00 |  0.000000E+00 |  0.0282400111 |         ideal
   138 |    22770 |    133 |  0.000000E+00 |  0.000000E+00 |  0.0152774984 |         ideal
   139 |    22935 |    119 |  0.000000E+00 |  0.000000E+00 |  0.1228407961 |         ideal
   140 |    23100 |    121 |  0.000000E+00 |  0.000000E+00 |  0.0051973409 |             f
   141 |    23265 |    131 |  0.000000E+00 |  0.000000E+00 |  0.0123898931 |             f
   142 |    23430 |    123 |  0.000000E+00 |  0.000000E+00 |  0.0111111111 |         ideal
   143 |    23595 |    123 |  0.000000E+00 |  0.000000E+00 |  0.0500000000 |         ideal
   144 |    23760 |    129 |  0.000000E+00 |  0.000000E+00 |  0.0278608308 |         ideal
   145 |    23925 |    110 |  0.000000E+00 |  0.000000E+00 |  0.0024818524 |             f
   146 |    24090 |     88 |  0.000000E+00 |  0.000000E+00 |  0.0810810811 |         nadir
   147 |    24255 |    134 |  0.000000E+00 |  0.000000E+00 |  0.2453170559 |         ideal
   148 |    24420 |    151 |  0.000000E+00 |  0.000000E+00 |  0.0036420492 |             f
   149 |    24585 |    125 |  0.000000E+00 |  0.000000E+00 |  0.0196078431 |         ideal
   150 |    24750 |    121 |  0.000000E+00 |  0.000000E+00 |  0.3332955939 |         nadir
   151 |    24915 |    131 |  0.000000E+00 |  0.000000E+00 |  0.0054866152 |             f
   152 |    25080 |    134 |  0.000000E+00 |  0.000000E+00 |  0.0010974724 |             f
   153 |    25245 |    134 |  0.000000E+00 |  0.000000E+00 |  0.0036295128 |             f
   154 |    25410 |    134 |  0.000000E+00 |  0.000000E+00 |  0.0149278871 |             f
   155 |    25575 |    130 |  0.000000E+00 |  0.000000E+00 |  0.0192307692 |         ideal
   156 |    25740 |    130 |  0.000000E+00 |  0.000000E+00 |  0.0280687294 |         ideal
   157 |    25905 |    125 |  0.000000E+00 |  0.000000E+00 |  0.0981683801 |         ideal
   158 |    26070 |    123 |  0.000000E+00 |  0.000000E+00 |  0.0080298948 |             f
   159 |    26235 |    142 |  0.000000E+00 |  0.000000E+00 |  0.0004036115 |             f
   160 |    26400 |    143 |  0.000000E+00 |  0.000000E+00 |  0.0004007890 |             f
   161 |    26565 |    142 |  0.000000E+00 |  0.000000E+00 |  0.0048943282 |             f
   162 |    26730 |    152 |  0.000000E+00 |  0.000000E+00 |  0.0682399091 |         nadir
   163 |    26895 |    158 |  0.000000E+00 |  0.000000E+00 |  0.0545454545 |         ideal
   164 |    27060 |    129 |  0.000000E+00 |  0.000000E+00 |  0.2019749484 |         nadir
   165 |    27225 |    122 |  0.000000E+00 |  0.000000E+00 |  0.3153690226 |         nadir
   166 |    27390 |    117 |  0.000000E+00 |  0.000000E+00 |  0.0584626713 |         ideal
   167 |    27555 |    124 |  0.000000E+00 |  0.000000E+00 |  0.0298078502 |         ideal
   168 |    27720 |    130 |  0.000000E+00 |  0.000000E+00 |  0.0093136027 |             f
   169 |    27885 |    100 |  0.000000E+00 |  0.000000E+00 |  0.0373770022 |             f
   170 |    28050 |    101 |  0.000000E+00 |  0.000000E+00 |  0.3718348802 |         nadir
   171 |    28215 |     90 |  0.000000E+00 |  0.000000E+00 |  0.2142983959 |         ideal
   172 |    28380 |    142 |  0.000000E+00 |  0.000000E+00 |  0.0666666667 |         nadir
   173 |    28545 |    163 |  0.000000E+00 |  0.000000E+00 |  0.0079721153 |             f
   174 |    28710 |    149 |  0.000000E+00 |  0.000000E+00 |  0.0435532821 |         ideal
   175 |    28875 |    126 |  0.000000E+00 |  0.000000E+00 |  0.0061745291 |         ideal
   176 |    29040 |    110 |  0.000000E+00 |  0.000000E+00 |  0.0666666667 |         ideal
   177 |    29205 |    107 |  0.000000E+00 |  0.000000E+00 |  0.0028311822 |         nadir
   178 |    29370 |    136 |  0.000000E+00 |  0.000000E+00 |  0.1111111111 |         ideal
   179 |    29535 |    145 |  0.000000E+00 |  0.000000E+00 |  0.0030508765 |         nadir
   180 |    29700 |    152 |  0.000000E+00 |  0.000000E+00 |  0.3657210673 |         nadir
   181 |    29865 |    152 |  0.000000E+00 |  0.000000E+00 |  0.000000E+00 |             f
   182 |    30030 |    150 |  0.000000E+00 |  0.000000E+00 |  0.000000E+00 |             f
   183 |    30195 |    131 |  0.000000E+00 |  0.000000E+00 |  0.0006373840 |             f
   184 |    30360 |    136 |  0.000000E+00 |  0.000000E+00 |  0.0012279015 |             f
   185 |    30525 |    136 |  0.000000E+00 |  0.000000E+00 |  0.0049047248 |             f
   186 |    30690 |    137 |  0.000000E+00 |  0.000000E+00 |  0.000000E+00 |             f
   187 |    30855 |    137 |  0.000000E+00 |  0.000000E+00 |  0.0008113563 |             f
   188 |    31020 |    137 |  0.000000E+00 |  0.000000E+00 |  0.0016226175 |             f
   189 |    31185 |    137 |  0.000000E+00 |  0.000000E+00 |  0.0035606086 |             f
   190 |    31350 |    137 |  0.000000E+00 |  0.000000E+00 |  0.000000E+00 |             f
   191 |    31515 |    137 |  0.000000E+00 |  0.000000E+00 |  0.000000E+00 |             f
   192 |    31680 |    137 |  0.000000E+00 |  0.000000E+00 |  0.000000E+00 |             f
   193 |    31845 |    145 |  0.000000E+00 |  0.000000E+00 |  0.1000000000 |         ideal
   194 |    32010 |    156 |  0.000000E+00 |  0.000000E+00 |  0.0179770536 |             f
   195 |    32175 |    156 |  0.000000E+00 |  0.000000E+00 |  0.0122173011 |             f
   196 |    32340 |     99 |  0.000000E+00 |  0.000000E+00 |  0.5481885524 |         nadir
   197 |    32505 |     61 |  0.000000E+00 |  0.000000E+00 |  0.2000000000 |         ideal
   198 |    32670 |    134 |  0.000000E+00 |  0.000000E+00 |  0.0800000000 |         ideal
   199 |    32835 |     70 |  0.000000E+00 |  0.000000E+00 |  0.4112831947 |         nadir
   200 |    33000 |     95 |  0.000000E+00 |  0.000000E+00 |  0.0526315789 |         nadir
   201 |    33165 |    102 |  0.000000E+00 |  0.000000E+00 |  0.0012935842 |             f
   202 |    33330 |     92 |  0.000000E+00 |  0.000000E+00 |  0.0398051323 |         ideal
   203 |    33495 |     93 |  0.000000E+00 |  0.000000E+00 |  0.0963537755 |         ideal
   204 |    33660 |    124 |  0.000000E+00 |  0.000000E+00 |  0.0316350593 |             f
   205 |    33825 |    127 |  0.000000E+00 |  0.000000E+00 |  0.0054435437 |             f
   206 |    33990 |    135 |  0.000000E+00 |  0.000000E+00 |  0.1666666667 |         nadir
   207 |    34155 |    117 |  0.000000E+00 |  0.000000E+00 |  0.1723117104 |         ideal
   208 |    34320 |    160 |  0.000000E+00 |  0.000000E+00 |  0.3333333333 |         ideal
   209 |    34485 |    162 |  0.000000E+00 |  0.000000E+00 |  0.0800000000 |         ideal
   210 |    34650 |    126 |  0.000000E+00 |  0.000000E+00 |  0.0740740741 |         ideal
   211 |    34815 |    128 |  0.000000E+00 |  0.000000E+00 |  0.0740740741 |         ideal
   212 |    34980 |    102 |  0.000000E+00 |  0.000000E+00 |  0.0740740741 |         ideal
   213 |    35145 |    125 |  0.000000E+00 |  0.000000E+00 |  0.0428436764 |         ideal
   214 |    35310 |    130 |  0.000000E+00 |  0.000000E+00 |  0.0123471053 |         ideal
   215 |    35475 |    136 |  0.000000E+00 |  0.000000E+00 |  0.0549048738 |         ideal
   216 |    35640 |    133 |  0.000000E+00 |  0.000000E+00 |  0.1943535516 |         ideal
   217 |    35805 |    127 |  0.000000E+00 |  0.000000E+00 |  0.0116659077 |         nadir
   218 |    35970 |    118 |  0.000000E+00 |  0.000000E+00 |  0.0058580594 |             f
   219 |    36135 |    118 |  0.000000E+00 |  0.000000E+00 |  0.0012314184 |             f
   220 |    36300 |    120 |  0.000000E+00 |  0.000000E+00 |  0.0019481884 |             f
   221 |    36465 |    120 |  0.000000E+00 |  0.000000E+00 |  0.0069604489 |             f
   222 |    36630 |    112 |  0.000000E+00 |  0.000000E+00 |  0.0000863641 |             f
   223 |    36795 |    116 |  0.000000E+00 |  0.000000E+00 |  0.0003982312 |             f
   224 |    36960 |     89 |  0.000000E+00 |  0.000000E+00 |  0.0760907509 |         nadir
   225 |    37125 |    120 |  0.000000E+00 |  0.000000E+00 |  0.0116097868 |         ideal
   226 |    37290 |    115 |  0.000000E+00 |  0.000000E+00 |  0.0004685626 |             f
   227 |    37455 |    112 |  0.000000E+00 |  0.000000E+00 |  0.0277906645 |         ideal
   228 |    37620 |    120 |  0.000000E+00 |  0.000000E+00 |  0.0039448252 |             f
   229 |    37785 |    125 |  0.000000E+00 |  0.000000E+00 |  0.0461538462 |         nadir
   230 |    37950 |    120 |  0.000000E+00 |  0.000000E+00 |  0.0064985349 |         ideal
   231 |    38115 |    111 |  0.000000E+00 |  0.000000E+00 |  0.0174267892 |         ideal
   232 |    38280 |    147 |  0.000000E+00 |  0.000000E+00 |  0.1095890411 |         ideal
   233 |    38445 |    131 |  0.000000E+00 |  0.000000E+00 |  0.0135135135 |         ideal
   234 |    38610 |    154 |  0.000000E+00 |  0.000000E+00 |  0.3119156634 |         nadir
   235 |    38775 |    161 |  0.000000E+00 |  0.000000E+00 |  0.0047063265 |         ideal
   236 |    38940 |    125 |  0.000000E+00 |  0.000000E+00 |  0.0012809354 |             f
   237 |    39105 |    134 |  0.000000E+00 |  0.000000E+00 |  0.0038248744 |             f
   238 |    39270 |    135 |  0.000000E+00 |  0.000000E+00 |  0.0012067997 |             f
   239 |    39435 |    129 |  0.000000E+00 |  0.000000E+00 |  0.0035919041 |             f
   240 |    39600 |    139 |  0.000000E+00 |  0.000000E+00 |  0.0012697422 |             f
   241 |    39765 |    131 |  0.000000E+00 |  0.000000E+00 |  0.0130841858 |         ideal
   242 |    39930 |    136 |  0.000000E+00 |  0.000000E+00 |  0.0004330964 |             f
   243 |    40095 |    136 |  0.000000E+00 |  0.000000E+00 |  0.0020172624 |             f
   244 |    40260 |    136 |  0.000000E+00 |  0.000000E+00 |  0.0053566920 |             f
   245 |    40425 |    137 |  0.000000E+00 |  0.000000E+00 |  0.0015162085 |             f
   246 |    40590 |    137 |  0.000000E+00 |  0.000000E+00 |  0.0108343357 |             f
   247 |    40755 |    135 |  0.000000E+00 |  0.000000E+00 |  0.0013476719 |             f
   248 |    40920 |    134 |  0.000000E+00 |  0.000000E+00 |  0.0023202757 |             f
   249 |    41085 |    124 |  0.000000E+00 |  0.000000E+00 |  0.0027555322 |             f
   250 |    41250 |    117 |  0.000000E+00 |  0.000000E+00 |  0.0003492694 |             f
   251 |    41415 |    121 |  0.000000E+00 |  0.000000E+00 |  0.0013741164 |             f
   252 |    41580 |    109 |  0.000000E+00 |  0.000000E+00 |  0.0029359807 |             f
   253 |    41745 |    114 |  0.000000E+00 |  0.000000E+00 |  0.0028409746 |             f
   254 |    41910 |    122 |  0.000000E+00 |  0.000000E+00 |  0.0279091546 |             f
   255 |    42075 |    123 |  0.000000E+00 |  0.000000E+00 |  0.0106977249 |         ideal
   256 |    42240 |    120 |  0.000000E+00 |  0.000000E+00 |  0.0000599857 |             f
   257 |    42405 |    132 |  0.000000E+00 |  0.000000E+00 |  0.0028972818 |             f
   258 |    42570 |    143 |  0.000000E+00 |  0.000000E+00 |  0.0013822795 |             f
   259 |    42735 |    144 |  0.000000E+00 |  0.000000E+00 |  0.1972798139 |         nadir
   260 |    42900 |    146 |  0.000000E+00 |  0.000000E+00 |  0.0013020083 |             f
   261 |    43065 |    141 |  0.000000E+00 |  0.000000E+00 |  0.0019812982 |             f
   262 |    43230 |    145 |  0.000000E+00 |  0.000000E+00 |  0.0023837494 |             f
   263 |    43395 |    146 |  0.000000E+00 |  0.000000E+00 |  0.0026600095 |             f
   264 |    43560 |    148 |  0.000000E+00 |  0.000000E+00 |  0.0003160791 |             f
   265 |    43725 |    150 |  0.000000E+00 |  0.000000E+00 |  0.0009991982 |             f
   266 |    43890 |    136 |  0.000000E+00 |  0.000000E+00 |  0.0103049776 |             f
   267 |    44055 |    130 |  0.000000E+00 |  0.000000E+00 |  0.0046779398 |             f
   268 |    44220 |    112 |  0.000000E+00 |  0.000000E+00 |  0.0340341007 |         ideal
   269 |    44385 |    114 |  0.000000E+00 |  0.000000E+00 |  0.0024932113 |             f
   270 |    44550 |    122 |  0.000000E+00 |  0.000000E+00 |  0.0067770691 |             f
   271 |    44715 |    108 |  0.000000E+00 |  0.000000E+00 |  0.0573244726 |         ideal
   272 |    44880 |    128 |  0.000000E+00 |  0.000000E+00 |  0.0645161290 |         ideal
   273 |    45045 |    127 |  0.000000E+00 |  0.000000E+00 |  0.0322066466 |             f
   274 |    45210 |     77 |  0.000000E+00 |  0.000000E+00 |  0.5170939308 |         nadir
   275 |    45375 |    136 |  0.000000E+00 |  0.000000E+00 |  0.0003674693 |             f
   276 |    45540 |    135 |  0.000000E+00 |  0.000000E+00 |  0.0345182681 |         ideal
   277 |    45705 |    140 |  0.000000E+00 |  0.000000E+00 |  0.2281082436 |         nadir
   278 |    45870 |     47 |  0.000000E+00 |  0.000000E+00 |  0.1811514495 |         ideal
   279 |    46035 |    110 |  0.000000E+00 |  0.000000E+00 |  0.2610079796 |         ideal
   280 |    46200 |     69 |  0.000000E+00 |  0.000000E+00 |  0.0526315789 |         ideal
   281 |    46365 |     65 |  0.000000E+00 |  0.000000E+00 |  9.6193085210 |         nadir
   282 |    46530 |     71 |  0.000000E+00 |  0.000000E+00 |  0.2571875133 |         ideal
   283 |    46695 |     85 |  0.000000E+00 |  0.000000E+00 |  0.0664739696 |         nadir
   284 |    46860 |     90 |  0.000000E+00 |  0.000000E+00 |  0.000000E+00 |             f
   285 |    47025 |    118 |  0.000000E+00 |  0.000000E+00 |  0.1907047370 |         nadir
   286 |    47190 |    122 |  0.000000E+00 |  0.000000E+00 |  0.000000E+00 |             f
   287 |    47355 |    122 |  0.000000E+00 |  0.000000E+00 |  0.0243017966 |         ideal
   288 |    47520 |    137 |  0.000000E+00 |  0.000000E+00 |  0.0097667802 |             f
   289 |    47685 |     96 |  0.000000E+00 |  0.000000E+00 |  0.3483575087 |         ideal
   290 |    47850 |    142 |  0.000000E+00 |  0.000000E+00 |  0.0171839407 |             f
   291 |    48015 |    150 |  0.000000E+00 |  0.000000E+00 |  0.0028878821 |             f
   292 |    48180 |    150 |  0.000000E+00 |  0.000000E+00 |  0.6986195460 |         nadir
   293 |    48345 |    149 |  0.000000E+00 |  0.000000E+00 |  0.0037292335 |             f
   294 |    48510 |    149 |  0.000000E+00 |  0.000000E+00 |  0.000000E+00 |             f
   295 |    48675 |    149 |  0.000000E+00 |  0.000000E+00 |  0.000000E+00 |             f
   296 |    48840 |    149 |  0.000000E+00 |  0.000000E+00 |  0.2500000000 |         nadir
   297 |    49005 |    149 |  0.000000E+00 |  0.000000E+00 |  0.000000E+00 |             f
   298 |    49170 |    149 |  0.000000E+00 |  0.000000E+00 |  0.0067282933 |             f
   299 |    49335 |    149 |  0.000000E+00 |  0.000000E+00 |  0.000000E+00 |             f
   300 |    49500 |    149 |  0.000000E+00 |  0.000000E+00 |  0.0039715118 |         ideal
  MOEA/D     : 149 solutions en 345.8s

----------------------------------------------------------------------------------------
  RESULTATS -- moyennes par algorithme
----------------------------------------------------------------------------------------

  HV (^)
    NSGA-III     mean=0.280296  std=0.095690
    QI-NSGA-III  mean=0.458202  std=0.133964
    MOEA/D       mean=0.079302  std=0.058761

  GD (v)
    NSGA-III     mean=0.269738  std=0.099859
    QI-NSGA-III  mean=0.170571  std=0.065397
    MOEA/D       mean=0.438124  std=0.204112

  IGD (v)
    NSGA-III     mean=0.369468  std=0.117377
    QI-NSGA-III  mean=0.202389  std=0.058511
    MOEA/D       mean=0.763844  std=0.249009

  Spacing (v)
    NSGA-III     mean=0.043605  std=0.006796
    QI-NSGA-III  mean=0.017235  std=0.004019
    MOEA/D       mean=0.014551  std=0.003017

----------------------------------------------------------------------------------------
  TESTS PAR PAIRES (Mann-Whitney U, primaire) -- 3 paires x 4 indicateurs = 12 tests
----------------------------------------------------------------------------------------

  HV (^)
    QI-NSGA-III  vs NSGA-III     : U=7.0  p=0.400000  (A12=0.778)
      Wilcoxon apparie (seed) = 1.0, p = 0.500000  (r=0.667) [secondaire, exploratoire]
      Diff median (QI-NSGA-III - NSGA-III) = 0.109604  IC95%=[-0.056667, 0.480782]
      Brown-Forsythe (dispersion) p = 0.662090
    QI-NSGA-III  vs MOEA/D       : U=9.0  p=0.100000  (A12=1.000)
      Wilcoxon apparie (seed) = 0.0, p = 0.250000  (r=1.000) [secondaire, exploratoire]
      Diff median (QI-NSGA-III - MOEA/D) = 0.293467  IC95%=[0.232229, 0.611004]
      Brown-Forsythe (dispersion) p = 0.367612
    NSGA-III     vs MOEA/D       : U=8.0  p=0.200000  (A12=0.889)
      Wilcoxon apparie (seed) = 0.0, p = 0.250000  (r=1.000) [secondaire, exploratoire]
      Diff median (NSGA-III - MOEA/D) = 0.183863  IC95%=[0.130222, 0.288896]
      Brown-Forsythe (dispersion) p = 0.758372

  GD (v)
    QI-NSGA-III  vs NSGA-III     : U=2.0  p=0.400000  (A12=0.222)
      Wilcoxon apparie (seed) = 1.0, p = 0.500000  (r=-0.667) [secondaire, exploratoire]
      Diff median (QI-NSGA-III - NSGA-III) = -0.075682  IC95%=[-0.292334, 0.070514]
      Brown-Forsythe (dispersion) p = 0.768372
    QI-NSGA-III  vs MOEA/D       : U=1.0  p=0.200000  (A12=0.111)
      Wilcoxon apparie (seed) = 0.0, p = 0.250000  (r=-1.000) [secondaire, exploratoire]
      Diff median (QI-NSGA-III - MOEA/D) = -0.236441  IC95%=[-0.533493, -0.032727]
      Brown-Forsythe (dispersion) p = 0.339510
    NSGA-III     vs MOEA/D       : U=3.0  p=0.700000  (A12=0.333)
      Wilcoxon apparie (seed) = 1.0, p = 0.500000  (r=-0.667) [secondaire, exploratoire]
      Diff median (NSGA-III - MOEA/D) = -0.241159  IC95%=[-0.306955, 0.042955]
      Brown-Forsythe (dispersion) p = 0.485822

  IGD (v)
    QI-NSGA-III  vs NSGA-III     : U=1.0  p=0.200000  (A12=0.111)
      Wilcoxon apparie (seed) = 0.0, p = 0.250000  (r=-1.000) [secondaire, exploratoire]
      Diff median (QI-NSGA-III - NSGA-III) = -0.091558  IC95%=[-0.350571, -0.059109]
      Brown-Forsythe (dispersion) p = 0.439935
    QI-NSGA-III  vs MOEA/D       : U=0.0  p=0.100000  (A12=0.000)
      Wilcoxon apparie (seed) = 0.0, p = 0.250000  (r=-1.000) [secondaire, exploratoire]
      Diff median (QI-NSGA-III - MOEA/D) = -0.499659  IC95%=[-0.898897, -0.285809]
      Brown-Forsythe (dispersion) p = 0.219282
    NSGA-III     vs MOEA/D       : U=1.0  p=0.200000  (A12=0.111)
      Wilcoxon apparie (seed) = 0.0, p = 0.250000  (r=-1.000) [secondaire, exploratoire]
      Diff median (NSGA-III - MOEA/D) = -0.408101  IC95%=[-0.548326, -0.226700]
      Brown-Forsythe (dispersion) p = 0.399594

  Spacing (v)
    QI-NSGA-III  vs NSGA-III     : U=0.0  p=0.100000  (A12=0.000)
      Wilcoxon apparie (seed) = 0.0, p = 0.250000  (r=-1.000) [secondaire, exploratoire]
      Diff median (QI-NSGA-III - NSGA-III) = -0.021077  IC95%=[-0.037378, -0.020657]
      Brown-Forsythe (dispersion) p = 0.534850
    QI-NSGA-III  vs MOEA/D       : U=5.0  p=1.000000  (A12=0.556)
      Wilcoxon apparie (seed) = 1.0, p = 0.500000  (r=0.667) [secondaire, exploratoire]
      Diff median (QI-NSGA-III - MOEA/D) = 0.004064  IC95%=[-0.002278, 0.006264]
      Brown-Forsythe (dispersion) p = 0.849270
    NSGA-III     vs MOEA/D       : U=9.0  p=0.100000  (A12=1.000)
      Wilcoxon apparie (seed) = 0.0, p = 0.250000  (r=1.000) [secondaire, exploratoire]
      Diff median (NSGA-III - MOEA/D) = 0.027341  IC95%=[0.018379, 0.041442]
      Brown-Forsythe (dispersion) p = 0.386447

----------------------------------------------------------------------------------------
  Correction Holm-Bonferroni (famille unique des 12 tests Mann-Whitney)
----------------------------------------------------------------------------------------
    HV::QI-NSGA-III vs MOEA/D        p=0.100000  seuil=0.004167  -> non significatif (apres correction)
    IGD::QI-NSGA-III vs MOEA/D       p=0.100000  seuil=0.004545  -> non significatif (apres correction)
    Spacing::QI-NSGA-III vs NSGA-III p=0.100000  seuil=0.005000  -> non significatif (apres correction)
    Spacing::NSGA-III vs MOEA/D      p=0.100000  seuil=0.005556  -> non significatif (apres correction)
    HV::NSGA-III vs MOEA/D           p=0.200000  seuil=0.006250  -> non significatif (apres correction)
    GD::QI-NSGA-III vs MOEA/D        p=0.200000  seuil=0.007143  -> non significatif (apres correction)
    IGD::QI-NSGA-III vs NSGA-III     p=0.200000  seuil=0.008333  -> non significatif (apres correction)
    IGD::NSGA-III vs MOEA/D          p=0.200000  seuil=0.010000  -> non significatif (apres correction)
    HV::QI-NSGA-III vs NSGA-III      p=0.400000  seuil=0.012500  -> non significatif (apres correction)
    GD::QI-NSGA-III vs NSGA-III      p=0.400000  seuil=0.016667  -> non significatif (apres correction)
    GD::NSGA-III vs MOEA/D           p=0.700000  seuil=0.025000  -> non significatif (apres correction)
    Spacing::QI-NSGA-III vs MOEA/D   p=1.000000  seuil=0.050000  -> non significatif (apres correction)

========================================================================================

