
============================================================
  Run started: 2026-06-10 11:59:11
============================================================
Version identifier: 22.2.0.0 | 2026-05-04 | 5dff98e58
CPXPARAM_Read_DataCheck                          1
CPXPARAM_MIP_Strategy_HeuristicFreq              10
CPXPARAM_MIP_Tolerances_AbsMIPGap                0
CPXPARAM_MIP_Tolerances_MIPGap                   0
Legacy callback                                  i
Tried aggregator 4 times.
MIP Presolve eliminated 15168 rows and 16608 columns.
MIP Presolve modified 7434 coefficients.
Aggregator did 36 substitutions.
Reduced MIP has 8895 rows, 6138 columns, and 50286 nonzeros.
Reduced MIP has 2904 binaries, 0 generals, 0 SOSs, and 0 indicators.
Presolve time = 0.48 sec. (118.44 ticks)
Probing time = 0.01 sec. (4.37 ticks)
Cover probing fixed 0 vars, tightened 51 bounds.
Tried aggregator 1 time.
Detecting symmetries...
MIP Presolve eliminated 4 rows and 0 columns.
MIP Presolve modified 400 coefficients.
Reduced MIP has 8891 rows, 6138 columns, and 50278 nonzeros.
Reduced MIP has 2904 binaries, 0 generals, 0 SOSs, and 0 indicators.
Presolve time = 0.12 sec. (23.99 ticks)
Probing time = 0.02 sec. (3.99 ticks)
Cover probing fixed 0 vars, tightened 23 bounds.
Clique table members: 2556.
MIP emphasis: balance optimality and feasibility.
MIP search method: dynamic search.
Parallel mode: deterministic, using up to 12 threads.
Root relaxation solution time = 0.50 sec. (93.56 ticks)

        Nodes                                         Cuts/
   Node  Left     Objective  IInf  Best Integer    Best Bound    ItCnt     Gap

      0     0     2073.4838   246                   2073.4838     2466         
      0     0     2185.5198   307                   Cuts: 258     3902         
      0     0     2223.2705   281                   Cuts: 451     4502         
      0     0     2255.7479   336                   Cuts: 407     5410         
      0     0     2273.9596   365                   Cuts: 408     6054         
      0     0     2291.1516   365                   Cuts: 454     6894         
Detecting symmetries...
      0     0     2296.0522   360                   Cuts: 371     8166         
      0     0     2304.1438   394                   Cuts: 347     8936         
      0     0     2310.2282   375                   Cuts: 355     9531         
      0     0     2316.3385   359                   Cuts: 246    10119         
      0     0     2318.7575   365                   Cuts: 287    10579         
      0     0     2321.5588   391                   Cuts: 262    11094         
      0     0     2324.3108   340                   Cuts: 245    11572         
      0     0     2326.7755   399                   Cuts: 217    12144         
      0     0     2328.8302   392                   Cuts: 237    12639         
      0     0     2330.1383   393                   Cuts: 234    13246         
      0     0     2332.3481   389                   Cuts: 210    13943         
      0     0     2333.2937   375                   Cuts: 213    14355         
      0     0     2334.1366   405                   Cuts: 174    14764         
      0     0     2335.7128   420                   Cuts: 190    15155         
      0     0     2337.5619   421                   Cuts: 215    15578         
      0     0     2337.9423   379                   Cuts: 175    15918         
      0     0     2338.4617   382                   Cuts: 159    16173         
      0     0     2339.9695   367                   Cuts: 128    16490         
      0     0     2340.5113   386                   Cuts: 154    16775         
      0     0     2341.5004   372                   Cuts: 103    17110         
      0     0     2341.7800   376                   Cuts: 241    17427         
Detecting symmetries...
      0     2     2341.7800   372                   2352.9320    17427         
Elapsed time = 66.52 sec. (14582.22 ticks, tree = 0.02 MB, solutions = 0)
      6     8     2346.4375   379                   2352.9320    18802         
     17    16     2347.7319   339                   2352.9320    22628         
     44    33     2347.5955   346                   2352.9320    31518         
     49    39     2370.2606   385                   2352.9320    34933         
     65    41     2374.5309   391                   2352.9320    36504         
     78    79     2370.9722   388                   2352.9320    64565         
    116    86     2370.8357   398                   2352.9320    66507         
    155   136     2368.4669   405                   2352.9320    81059         
    196   158     2395.6714   320                   2352.9320    85612         
    364   283     2391.5629   340                   2352.9320   105579         
Elapsed time = 87.44 sec. (17749.19 ticks, tree = 3.33 MB, solutions = 0)
    572   502     2421.0109   314                   2352.9320   133765         
    937   795     2508.3599   223                   2352.9320   160566         
   1203  1007     2470.2637   204                   2352.9320   177134         
   1507  1205     2470.3426   201                   2352.9320   196377         
   1959  1507     2382.8348   299                   2352.9320   223433         
   2310  1936    infeasible                         2352.9320   256452         
   2589  2086     2397.8018   320                   2352.9320   277777         
   2821  2283     2399.4905   293                   2352.9320   306049         
   3099  2516     2389.6004   274                   2352.9320   335513         
   3360  2801     2560.5358   157                   2352.9320   364778         
Elapsed time = 147.56 sec. (27317.41 ticks, tree = 166.60 MB, solutions = 0)
   3755  3110     2413.4789   199                   2352.9320   397270         
   4039  3232     2506.7432   270                   2352.9320   408487         
   4308  3608     2373.6817   379                   2352.9320   448618         
   4537  3805     2476.4973   194                   2352.9320   469180         
   4715  4015     2384.5797   364                   2352.9320   498240         
   4902  4123     2551.0006   212                   2352.9320   513018         
   5130  4259     2375.2985   362                   2352.9320   532985         
   5450  4589     2684.6625   202                   2352.9320   574264         
   5638  4858     2404.3859   335                   2352.9320   599113         
   5696  4886     2511.7052   376                   2352.9320   602157         
Elapsed time = 205.64 sec. (37205.23 ticks, tree = 300.58 MB, solutions = 0)

Performing restart 1

Repeating presolve.
Tried aggregator 1 time.
MIP Presolve eliminated 6 rows and 0 columns.
MIP Presolve modified 725 coefficients.
Reduced MIP has 8885 rows, 6138 columns, and 50130 nonzeros.
Reduced MIP has 2904 binaries, 0 generals, 0 SOSs, and 0 indicators.
Presolve time = 0.14 sec. (34.20 ticks)
Tried aggregator 1 time.
MIP Presolve eliminated 8 rows and 0 columns.
MIP Presolve modified 160 coefficients.
Reduced MIP has 8877 rows, 6138 columns, and 50114 nonzeros.
Reduced MIP has 2904 binaries, 0 generals, 0 SOSs, and 0 indicators.
Presolve time = 0.09 sec. (24.68 ticks)
Represolve time = 1.20 sec. (118.39 ticks)
   5697     0     2364.8490   446                   Cuts: 505   627409         
   5697     0     2368.4951   444                   Cuts: 431   628415         
   5697     0     2369.8414   449                   Cuts: 533   629088         
   5697     0     2371.7475   466                   Cuts: 492   630108         
   5697     0     2373.3220   478                   Cuts: 488   631373         
   5697     0     2374.8878   472                   Cuts: 448   632414         
   5697     0     2379.5847   467                   Cuts: 500   633692         
   5697     0     2382.3557   488                   Cuts: 535   634667         
   5697     0     2384.1508   499                   Cuts: 452   636582         
   5697     0     2386.2077   470                   Cuts: 592   637680         
   5697     0     2387.3620   489                   Cuts: 452   638662         
   5697     0     2389.2108   483                   Cuts: 408   639556         
   5697     0     2390.2082   512                   Cuts: 453   640239         
   5697     0     2391.4768   530                   Cuts: 345   640880         
   5697     0     2392.4797   515                   Cuts: 413   641426         
   5697     0     2393.1363   537                   Cuts: 350   642053         
   5697     0     2393.9842   535                   Cuts: 339   642752         
   5697     0     2394.5301   535                   Cuts: 339   643447         
   5697     0     2395.1784   539                   Cuts: 340   643985         
   5697     0     2395.7651   516                   Cuts: 299   644575         
   5697     0     2396.2024   525                   Cuts: 297   645175         
   5697     0     2396.6374   526                   Cuts: 327   645643         
   5697     0     2397.0859   514                   Cuts: 314   646324         
   5697     0     2397.3803   534                   Cuts: 303   646936         
   5697     0     2397.8239   510                   Cuts: 247   647501         
   5697     0     2401.0061   504                   Cuts: 586   648791         
   5697     0     2403.1431   529                   Cuts: 473   649693         
   5697     0     2404.0583   527                   Cuts: 511   650378         
   5697     0     2404.7593   502                   Cuts: 330   651006         
   5697     0     2405.5823   511                   Cuts: 312   651597         
   5697     0     2406.6529   434                   Cuts: 340   652250         
   5697     0     2407.2333   498                   Cuts: 303   652900         
   5697     0     2407.8128   526                   Cuts: 300   653493         
   5697     0     2408.5424   515                   Cuts: 325   654098         
   5697     0     2408.9342   477                   Cuts: 339   654642         
   5697     0     2409.4531   539                   Cuts: 241   655192         
   5697     0     2409.7906   542                   Cuts: 239   655918         
   5697     0     2410.1082   475                   Cuts: 299   656589         
   5697     0     2410.4638   512                   Cuts: 280   657131         
   5697     2     2410.4638   512                   2410.4638   657131         
   5698     3     2410.7000   502                   2410.7006   657387         
   5699     3     2414.3356   486                   2410.7006   657794         
   5700     4     2410.8801   504                   2410.8835   658109         
   5701     5     2421.5557   481                   2410.8835   659188         
   5703     6     2421.1200   477                   2411.1760   659667         
   5706     5     2424.0708   475                   2411.1760   659047         
   5712    11     2422.5126   435                   2411.1811   662389         
   5718    13     2422.0288   474                   2411.1811   665474         
   5727    22     2430.1959   481                   2411.6687   669574         
Elapsed time = 432.81 sec. (112680.61 ticks, tree = 0.18 MB, solutions = 0)
   5735    29     2444.5281   475                   2412.0251   676494         
   5746    29     2429.8631   459                   2412.0251   676789         
   5754    47     2412.3144   494                   2412.0251   694720         
   5765    48     2412.3175   494                   2412.0251   694746         
   5776    71     2430.8877   442                   2412.0251   709479         
   5788    68     2449.0538   477                   2412.0251   707913         
   5800    91     2426.2519   473                   2412.0251   714647         
   5813    95     2436.5553   462                   2412.0251   717063         
   5822   104     2427.3084   482                   2412.0251   716344         
   5833   107     2427.0466   445                   2412.0251   716337         
Elapsed time = 466.56 sec. (123181.92 ticks, tree = 0.37 MB, solutions = 0)
   5850   124     2425.7989   448                   2412.0251   722603         
   5862   137     2465.5807   449                   2412.0251   723171         
   5872   122     2412.8801   509                   2412.0251   721767         
   5887   132     2427.2076   484                   2412.0251   722876         
   5900   147     2424.6813   429                   2412.0251   726181         
   5912   153     2413.0722   509                   2412.0251   726670         
   5929   211     2424.4850   451                   2412.0251   739844         
   5957   220     2456.0007   480                   2412.0251   741177         
   5986   240     2428.9371   451                   2412.0251   745779         
   6020   269     2430.8409   427                   2412.0251   756398         
Elapsed time = 499.06 sec. (133474.18 ticks, tree = 0.70 MB, solutions = 0)
   6067   264     2427.6389   412                   2412.0251   755751         
   6124   294     2476.7495   438                   2412.0251   764880         
   6140   315     2430.1783   413                   2412.0251   767250         
   6171   324     2427.6164   407                   2412.0251   770008         
   6233   407     2532.3293   420                   2412.0251   796041         
   6289   332     2434.3496   411                   2412.0251   771028         
   6337   372     2444.9214   412                   2412.0251   795190         
   6391   528     2436.9424   403                   2412.0251   818808         
   6449   621     2537.4443   368                   2412.0251   850855         
   6506   485     2445.8030   429                   2412.0251   815411         
Elapsed time = 529.59 sec. (143361.45 ticks, tree = 8.03 MB, solutions = 0)
   6549   688     2449.1677   407                   2412.0251   871960         
   6602   789     2425.3301   411                   2412.0251   902234         
   6661   608     2443.8859   415                   2412.0251   847503         
   6740   867     2541.7348   448                   2412.0251   914143         
   6806   754     2445.7115   422                   2412.0251   890967         
   6891   856     2583.8947   375                   2412.0251   911853         
   6971   890     2574.7800   377                   2412.0251   919400         
   7056   981     2455.0256   405                   2412.0251   958835         
   7178   949     2453.0403   397                   2412.0251   949547         
   7317  1148     2660.8483   419                   2412.0251   987815         
Elapsed time = 561.59 sec. (153078.16 ticks, tree = 10.11 MB, solutions = 0)
   7402  1205     2540.7449   330                   2412.0251  1009581         
   7483  1297     2455.4158   331                   2412.0251  1036308         
   7599  1435     2452.3160   228                   2412.0251  1074717         
   7701  1616     2495.0255   287                   2412.0251  1109296         
   7792  1627     2499.2433   271                   2412.0251  1112149         
   7905  1757     2534.4682   324                   2412.0251  1137505         
   8032  1715     2486.2337   321                   2412.0251  1128369         
   8133  1778     2549.2076   315                   2412.0251  1142519         
   8276  2151     2498.7657   310                   2412.0251  1230981         
   8448  2142     2774.1232   315                   2412.0251  1215023         
Elapsed time = 592.45 sec. (162706.48 ticks, tree = 14.15 MB, solutions = 0)
   8565  2584     2470.1969   292                   2412.0251  1293085         
   8760  2622     2496.6683   176                   2412.0251  1303507         
   8919  2402     2569.8338   311                   2412.0251  1273546         
   9100  2795     2877.6569   298                   2412.0251  1348737         
   9251  2677     2507.2575   282                   2412.0251  1317123         
   9393  3264     2512.5533   250                   2412.0251  1410324         
   9579  3478     2606.4382   333                   2412.0251  1450177         
   9783  3723     2681.1579   245                   2412.0251  1487501         
   9934  3756     2502.1573   240                   2412.0251  1504250         
  10636  4580     2640.0960   246                   2412.0251  1620771         
Elapsed time = 634.34 sec. (175210.51 ticks, tree = 21.64 MB, solutions = 0)
  11458  4821     2415.5683   462                   2412.0251  1640822         
  11934  5435     2497.5903   321                   2412.0251  1737603         

Performing restart 2

Repeating presolve.
Tried aggregator 1 time.
MIP Presolve modified 425 coefficients.
Reduced MIP has 8877 rows, 6138 columns, and 52363 nonzeros.
Reduced MIP has 2904 binaries, 0 generals, 0 SOSs, and 0 indicators.
Presolve time = 0.02 sec. (21.63 ticks)
Tried aggregator 1 time.
MIP Presolve modified 431 coefficients.
Reduced MIP has 8877 rows, 6138 columns, and 52363 nonzeros.
Reduced MIP has 2904 binaries, 0 generals, 0 SOSs, and 0 indicators.
Presolve time = 0.05 sec. (30.00 ticks)
Represolve time = 0.70 sec. (599.99 ticks)
  11956     0     2411.6801   546                   Cuts: 314  1822396         
  11956     0     2412.3359   537                   Cuts: 308  1823005         
  11956     0     2413.0950   475                   Cuts: 416  1823692         
  11956     0     2413.8550   493                   Cuts: 329  1824533         
  11956     0     2414.3628   542                   Cuts: 365  1825336         
  11956     0     2414.8717   552                   Cuts: 391  1826244         
  11956     0     2415.2675   494                   Cuts: 401  1827133         
  11956     0     2415.6390   544                   Cuts: 389  1827772         
  11956     0     2416.2253   470                   Cuts: 362  1828650         
  11956     0     2416.6838   522                   Cuts: 339  1829248         
  11956     0     2416.9957   545                   Cuts: 249  1829909         
  11956     0     2417.1740   569                   Cuts: 329  1830560         
  11956     0     2417.4243   583                   Cuts: 446  1831225         
  11956     0     2417.6813   587                   Cuts: 316  1832000         
  11956     0     2417.9180   556                   Cuts: 378  1832498         
  11956     0     2418.0307   506                   Cuts: 261  1832899         
  11956     0     2418.1954   581                   Cuts: 267  1833422         
  11956     0     2418.2633   577                   Cuts: 171  1833748         
  11956     0     2418.3361   496                   Cuts: 357  1834222         
  11956     0     2418.4578   564                   Cuts: 220  1834633         
  11956     0     2418.6096   568                   Cuts: 266  1835039         
  11956     0     2418.7435   578                   Cuts: 178  1835500         
  11956     0     2418.8608   573                   Cuts: 187  1835926         
  11956     2     2418.8608   574                   2418.8608  1835926         
  11958     3     2434.5189   537                   2418.8706  1837829         
  11973    11     2435.4934   546                   2419.0351  1841280         
  12005    25     2452.4922   511                   2419.0352  1848747         
  12052    59     2515.4150   445                   2419.5624  1870656         
  12136   137     2426.3989   431                   2419.5624  1930104         
  12245   208     2459.9791   461                   2419.5624  1965262         
  12380   348     2464.3899   443                   2419.5624  2021451         
Elapsed time = 820.34 sec. (272650.20 ticks, tree = 6.61 MB, solutions = 0)
  12549   432     2422.5577   474                   2419.5624  2051766         
  12771   565     2474.6464   430                   2419.5624  2089873         
  12970   847     2479.6651   430                   2419.5624  2152933         
  13260  1118     2503.0809   264                   2419.5624  2211376         
  13584  1221     2431.4826   349                   2419.5624  2237217         
  13930  1568     2439.1559   286                   2419.5624  2307508         
  14425  2123     2507.0361   308                   2419.5624  2391598         
  15055  2839     2483.2178   471                   2419.5624  2482626         
  15676  3285     2584.1096   157                   2419.5624  2515788         
  16179  3657     2501.6064   231                   2419.5624  2587319         
Elapsed time = 941.16 sec. (310902.83 ticks, tree = 228.41 MB, solutions = 0)
  16644  4367     2575.2171   153                   2419.5624  2680039         
  17370  4760     2474.5896   309                   2419.5624  2738591         
  17886  5639     2478.5702   239                   2419.5871  2851989         
  18424  5965     2565.5347   215                   2419.5871  2898283         
  18964  6262     2454.0433   436                   2420.4750  2944852         
  19572  6924     2518.9743   214                   2420.8141  3044547         
  20369  7930     2564.4585   195                   2420.8141  3171310         
  21353  8454     2517.2093   233                   2420.8141  3232121         
  22376  9479     2542.7334   275                   2420.8141  3328876         
  23166 10634     2467.9893   457                   2421.3973  3429638         
Elapsed time = 1061.00 sec. (349116.44 ticks, tree = 738.60 MB, solutions = 0)
  23504 11174     2570.6597   246                   2421.4698  3482587         
  23814 11594     2795.5325   245                   2421.4698  3580139         
  24153 11680     2485.7628   345                   2421.4698  3622975         
  24443 12171     2462.7994   386                   2421.4698  3734952         
  24791 12417     2516.9032   287                   2421.4698  3788990         
  25286 12706     2505.2040   281                   2421.4698  3838144         
  25756 13358     2429.4973   556                   2422.0017  3943851         
  26300 13852     2459.4386   406                   2422.0017  4017587         
  27130 14675     2475.9203   276                   2422.0017  4115428         
  27743 14901     2423.3290   546                   2422.1465  4133153         
Elapsed time = 1186.59 sec. (387355.70 ticks, tree = 1034.89 MB, solutions = 0)
  28104 15569     2483.7856   260                   2422.1465  4232476         
  28721 16172     2452.2715   323                   2422.1465  4341146         
  29242 16869     2483.8995   421                   2422.1465  4438646         
  29762 17017     2565.9411   263                   2422.2491  4465497         
  30353 17409     2631.9845   365                   2422.2491  4509241         
  31132 18424     2489.3519   354                   2422.2491  4644736         
  31741 18982     2454.2130   496                   2422.2491  4698444         
  32187 19456     2502.4286   183                   2422.3145  4760206         
  32578 20141     2430.1281   447                   2422.9640  4879067         
  33158 20502     2637.5310   209                   2422.9640  4946792         
Elapsed time = 1313.00 sec. (425572.36 ticks, tree = 1498.17 MB, solutions = 0)
  33579 20925     2437.9019   454                   2422.9640  5003585         
  34013 21559     2472.8768   226                   2422.9640  5115951         
  34397 21617     2438.0404   449                   2423.0064  5129335         
  34859 22333     2440.6319   258                   2423.0283  5247962         
  35447 22538     2426.9269   510                   2423.0283  5276330         
  35983 23132     2447.4750   381                   2423.0283  5383729         
  36474 23565     2459.3155   220                   2423.5338  5459618         
  36887 24123     2437.2613   477                   2423.6683  5546306         
  37389 24776     2432.5985   474                   2423.6684  5657777         
  37974 25005     2490.3440   274                   2423.6792  5682616         
Elapsed time = 1443.69 sec. (463806.82 ticks, tree = 1872.00 MB, solutions = 0)
  38579 25888     2536.3282   208                   2423.6918  5823059         
  39183 26108     2472.0559   233                   2423.6918  5852345         
  39748 27032     2488.2727   267                   2423.7183  5996213         
  40190 27485     2503.6521   371                   2423.7183  6053744         
  40788 27838     2555.8957   203                   2423.8141  6117971         
  41314 28327     2450.7821   417                   2423.8694  6198670         
  41726 28793     2537.3630   316                   2423.8694  6265993         
  42155 29471     2426.6704   514                   2423.9294  6385697         
  42660 30140     2645.1073   253                   2423.9294  6493511         
  43177 30332     2530.2658   340                   2424.0420  6520928         
Elapsed time = 1590.36 sec. (502022.68 ticks, tree = 2316.79 MB, solutions = 0)
Nodefile size = 261.40 MB (230.18 MB after compression)
  43693 30448     2453.0140   504                   2424.0492  6537585         
  44147 31495     2513.0145   283                   2424.0492  6705735         
  44790 32022     2471.4308   435                   2424.1140  6806790         
  45397 32151     2490.6650   394                   2424.1510  6836225         
  45782 32772     2435.0864   387                   2424.1524  6895510         
  46060 33420     2523.2479   271                   2424.2173  7019070         
  46476 33815     2471.2288   335                   2424.2830  7115041         
  47044 34035     2458.1558   253                   2424.2830  7160508         
  47614 34751     2492.3607   299                   2424.2986  7251077         
  48053 34961     2447.0470   492                   2424.3536  7278202         
Elapsed time = 1743.36 sec. (540282.83 ticks, tree = 2704.50 MB, solutions = 0)
Nodefile size = 646.21 MB (571.48 MB after compression)
  48558 35924     2504.0994   249                   2424.3536  7452089         
  49062 35970     2510.9270   161                   2424.3536  7458632         
  49522 36330     2489.9593   205                   2424.3536  7529680         
  49858 37357     2572.4351   283                   2424.3536  7684987         
  50141 37183     2439.7569   423                   2424.3536  7657903         
  50605 37996     2451.5505   378                   2424.3557  7799940         
  50968 37898     2460.6989   309                   2424.4464  7796280         
  51489 38715     2466.7339   360                   2424.5946  7914655         
  51828 38737     2492.6227   202                   2424.5946  7912717         
  52185 39150     2436.1336   489                   2424.5946  7970016         
Elapsed time = 1902.38 sec. (578491.92 ticks, tree = 3054.79 MB, solutions = 0)
Nodefile size = 996.96 MB (883.59 MB after compression)
  52506 39765     2473.1214   247                   2424.6691  8060633         
  52898 40010     2459.6590   167                   2424.6954  8098858         
  53265 40772     2464.6810   140                   2424.6954  8213170         
  53640 40429     2530.3378   148                   2424.6954  8182499         
  54036 40951     2462.0085   299                   2424.7494  8243005         
  54511 41597     2498.2007   125                   2424.7494  8361380         
  55049 41493     2494.6400   248                   2424.7494  8347207         
  55528 42583     2440.4136   373                   2424.7688  8520936         
  55913 42510     2484.7975   433                   2424.7688  8510393         
  56375 43113     2473.9964   271                   2424.8248  8559550         
Elapsed time = 2062.53 sec. (616716.53 ticks, tree = 3385.22 MB, solutions = 0)
Nodefile size = 1315.85 MB (1166.73 MB after compression)
  56779 43749     2453.7982   200                   2424.8371  8669197         
  57194 43614     2531.3679   200                   2424.8371  8651051         
  57586 44614     2529.2373   314                   2424.9126  8771507         
  58081 44698     2549.2626   230                   2424.9218  8780348         
  58648 45221     2441.9978   456                   2424.9218  8877323         
  59276 45528     2437.6573   375                   2424.9322  8900437         
  59748 46596     2463.1354   294                   2424.9322  9043341         
  60237 46627     2430.3169   562                   2425.0028  9048095         
  60572 47276     2508.4107   378                   2425.0028  9108955         
  61093 48114     2518.9598   312                   2425.0394  9248288         
Elapsed time = 2227.14 sec. (654919.80 ticks, tree = 3803.18 MB, solutions = 0)
Nodefile size = 1744.75 MB (1549.88 MB after compression)
  61615 48066     2534.1678   363                   2425.0457  9241183         
  62068 48982     2605.9861   349                   2425.0876  9362560         
  62358 48753     2457.3153   337                   2425.0933  9337287         
  62642 49790     2465.0703   205                   2425.0933  9469002         
  62939 49929     2523.9353   206                   2425.1140  9501939         
  63391 50659     2651.7059   337                   2425.1264  9607686         
  63845 50723     2699.8727   225                   2425.1562  9616266         
  64324 50784     2433.2662   541                   2425.1562  9623589         
  64835 51347     2524.7480   340                   2425.1562  9729062         
  65325 51328     2544.4999   152                   2425.1562  9732853         
Elapsed time = 2395.27 sec. (693167.73 ticks, tree = 4070.57 MB, solutions = 0)
Nodefile size = 2006.71 MB (1781.91 MB after compression)
  65774 52499     2478.0124   406                   2425.2420  9892310         
  66161 53079     2497.3009   381                   2425.2934  9961143         
  66621 53407     2529.8520   180                   2425.2934 10005011         
  67081 53842     2502.3321   228                   2425.3065 10102245         
  67549 54406     2496.1347   287                   2425.3258 10188360         
  68019 54905     2471.2700   245                   2425.3258 10286002         
  68350 54714     2584.2718   262                   2425.3515 10235079         
  68635 55240     2489.0188   408                   2425.3515 10350935         
  68984 56123     2454.4474   260                   2425.3609 10476379         
  69376 55955     2554.7359   219                   2425.3609 10458907         
Elapsed time = 2556.19 sec. (731387.72 ticks, tree = 4436.52 MB, solutions = 0)
Nodefile size = 2375.73 MB (2109.28 MB after compression)
  69902 56363     2518.6319   327                   2425.3609 10543186         
  70314 56943     2585.4974   152                   2425.4182 10602800         
  70676 57454     2538.6832   120                   2425.4182 10694960         
  71114 56956     2451.5913   451                   2425.4374 10627528         
  71496 58537     2560.8419   169                   2425.4374 10892691         
  71843 58215     2487.1421   424                   2425.4721 10836009         
  72187 58477     2528.4617   387                   2425.4934 10867232         
  72566 59669     2519.4214   254                   2425.4934 11128501         
  72930 59820     2606.1382   269                   2425.4934 11163706         
  73330 60310     2562.5424   332                   2425.4934 11281853         
Elapsed time = 2720.55 sec. (769661.33 ticks, tree = 4800.27 MB, solutions = 0)
Nodefile size = 2742.23 MB (2434.21 MB after compression)
  73629 60100     2456.7396   421                   2425.4934 11247039         
  73930 61092     2464.8536   424                   2425.5078 11423731         
  74320 60719     2434.1994   529                   2425.5078 11356660         
  74805 60926     2510.3955   380                   2425.5078 11389501         
  75283 62069     2504.1841   397                   2425.5221 11601152         
  75772 62051     2503.7879   389                   2425.5240 11581460         
  76390 62957     2548.5509   177                   2425.5240 11744967         
  76983 62871     2475.1593   369                   2425.5240 11730315         
  77387 63651     2453.7238   448                   2425.5412 11851758         
  77785 63845     2443.0064   445                   2425.5412 11872169         
Elapsed time = 2886.45 sec. (807911.09 ticks, tree = 5101.04 MB, solutions = 0)
Nodefile size = 3041.59 MB (2700.80 MB after compression)
  78242 65390     2488.3000   377                   2425.5518 12087734         
  78619 65728     2465.9417   128                   2425.5797 12126111         
  78919 65828     2511.0046   192                   2425.5797 12151306         
  79192 66056     2559.9359   209                   2425.5963 12194356         
  79512 66246     2479.3204   216                   2425.5963 12220732         
  79978 66318     2607.6122   268                   2425.5963 12236624         
  80624 67391     2595.9147   249                   2425.6119 12417274         
  81033 67655     2440.3917   362                   2425.6296 12463011         
  81477 67724     2449.8531   309                   2425.6296 12466526         
  81841 68658     2453.7947   505                   2425.6355 12622312         
Elapsed time = 3058.09 sec. (846184.88 ticks, tree = 5510.56 MB, solutions = 0)
Nodefile size = 3451.88 MB (3063.52 MB after compression)
  82130 68796     2549.8751   360                   2425.6355 12647041         
  82550 68447     2463.0111   462                   2425.6444 12594582         
  82953 69469     2440.1878   385                   2425.6444 12744647         
  83274 70286     2482.8308   343                   2425.6444 12920204         
  83697 69714     2619.7620   188                   2425.6745 12824497         
  84116 70772     2439.0162   519                   2425.6745 12994645         
  84515 70573     2436.7931   458                   2425.6745 12976407         
  84928 70720     2549.0088   146                   2425.6832 12986455         
  85406 71786     2463.6544   359                   2425.6832 13176345         
  85842 72455     2797.0515   368                   2425.7489 13290353         
Elapsed time = 3236.53 sec. (884448.15 ticks, tree = 5834.46 MB, solutions = 0)
Nodefile size = 3775.52 MB (3349.43 MB after compression)
  86161 72046     2457.3016   515                   2425.7489 13213904         
  86503 72491     2550.9707   340                   2425.7489 13279242         
  86821 73670     2441.6637   517                   2425.7658 13501768         
  87260 74074     2482.5646   387                   2425.7658 13595195         
  87683 73922     2435.7597   352                   2425.7658 13536864         
  88154 74739     2637.9761   297                   2425.8083 13745149         
  88574 75008     2585.7972   255                   2425.8083 13788377         
  88983 74552     2448.2655   437                   2425.8083 13712137         
  89320 76224     2441.5439   484                   2425.9446 13974479         
  89711 76365     2444.4052   420                   2425.9491 13994940         
Elapsed time = 3434.17 sec. (922679.30 ticks, tree = 6169.70 MB, solutions = 0)
Nodefile size = 4107.26 MB (3642.63 MB after compression)
  90047 76014     2480.9827   388                   2425.9491 13923509         
  90404 76596     2522.4462   140                   2425.9491 14038869         
  90881 77443     2531.0458   276                   2425.9578 14177767         
  91334 77711     2474.7975   412                   2425.9578 14201116         
  91947 78683     2531.7562   212                   2425.9943 14371777         
  92497 77925     2606.0306   314                   2425.9943 14246163         
  92941 78832     2539.5633   142                   2425.9943 14385619         
  93358 80216     2443.0101   482                   2426.0022 14631471         
  93820 80250     2454.5893   338                   2426.0260 14635036         
  94301 80551     2523.2578   207                   2426.0353 14694152         
Elapsed time = 3625.62 sec. (960950.07 ticks, tree = 6527.92 MB, solutions = 0)
Nodefile size = 4468.33 MB (3962.11 MB after compression)
  94661 81033     2608.7788   255                   2426.0496 14761355         
  95026 81107     2546.7629   382                   2426.0496 14782452         
  95266 82018     2532.3082   370                   2426.0503 14918898         
  95613 81944     2457.9838   373                   2426.0529 14906864         
  95943 82529     2489.3717   403                   2426.0687 15028735         
  96295 82745     2549.6135   329                   2426.0696 15082501         
  96741 82959     2491.5791   199                   2426.0696 15105337         
  97167 83103     2492.4768   346                   2426.0751 15167277         
  97564 84319     2443.6985   378                   2426.0751 15412807         
  97921 84441     2446.6963   396                   2426.0819 15439867         
Elapsed time = 3805.59 sec. (999309.11 ticks, tree = 6839.54 MB, solutions = 0)
Nodefile size = 4779.84 MB (4237.99 MB after compression)
  98416 85059     2565.1582   277                   2426.0840 15557918         
  98760 84963     2549.9133   156                   2426.1019 15527243         
  99017 85076     2434.4066   526                   2426.1054 15570169         
  99323 85295     2521.8865   154                   2426.1247 15642995         
  99512 86297     2557.3593   405                   2426.1360 15810402         
  99760 86558     2481.3114   393                   2426.1360 15875040         
 100037 86935     2511.6798   403                   2426.1360 15981666         
 100349 87049     2478.9620   405                   2426.1360 16001861         
 100754 86928     2554.9383   441                   2426.1522 15978426         
 101197 87428     2443.0126   574                   2426.1522 16083231         
Elapsed time = 3996.80 sec. (1037535.36 ticks, tree = 7094.13 MB, solutions = 0)
Nodefile size = 5034.99 MB (4463.37 MB after compression)
 101604 87925     2517.6313   299                   2426.1562 16185676         
 102157 88035     2435.1190   483                   2426.1562 16214992         
 102499 88046     2449.9693   431                   2426.1562 16218489         
 102963 88526     2611.9084   170                   2426.1562 16304787         
 103422 89016     2438.3377   508                   2426.1616 16398948         
 103807 89206     2472.1896   278                   2426.1616 16423532         
 104115 89965     2552.9103   296                   2426.1864 16566529         
 104521 90300     2456.6006   447                   2426.1864 16618705         
 104860 91115     2448.2398   541                   2426.1864 16755970         
 105193 91877     2752.2392   296                   2426.1890 16905542         
Elapsed time = 4193.80 sec. (1075816.33 ticks, tree = 7477.72 MB, solutions = 0)
Nodefile size = 5417.52 MB (4798.83 MB after compression)
 105413 91268     2524.5902   295                   2426.1890 16815118         
 105730 92145     2474.3858   479                   2426.1890 16943057         
 106082 92328     2432.3196   508                   2426.1993 16960517         
 106316 92451     2691.1957   305                   2426.1993 17054591         
 106678 93109     2444.2506   304                   2426.2120 17140992         
 106932 93589     2553.4321   386                   2426.2252 17273603         
 107274 93605     2565.7980   299                   2426.2252 17280359         
 107631 93947     2471.7019   428                   2426.2252 17360001         
 108058 93962     2478.2143   423                   2426.2431 17364197         
 108676 94771     2584.2337   229                   2426.2431 17523834         
Elapsed time = 4376.83 sec. (1114041.39 ticks, tree = 7676.13 MB, solutions = 0)
Nodefile size = 5616.91 MB (4974.54 MB after compression)
 109345 94301     2443.3889   522                   2426.2431 17425013         
 109814 94885     2436.1580   386                   2426.2451 17539007         
 110262 95463     2556.3359   430                   2426.2451 17645678         
 110684 96984     2553.6568   289                   2426.2451 17883100         
 111029 96452     2566.1249   190                   2426.2976 17796646         
 111308 96841     2439.2950   433                   2426.2976 17842246         
 111550 97884     2488.1425   326                   2426.2976 18045782         
 111817 97811     2444.6554   540                   2426.3023 18008134         
 112096 98489     2454.4154   355                   2426.3057 18161808         
 112377 98731     2499.8467   489                   2426.3057 18227511         
Elapsed time = 4581.72 sec. (1152310.98 ticks, tree = 8018.79 MB, solutions = 0)
Nodefile size = 5958.05 MB (5278.26 MB after compression)
 112685 99304     2503.6529   243                   2426.3057 18323539         
 113001 98928     2436.2064   417                   2426.3134 18259134         
 113249 99476     2517.2263   450                   2426.3266 18391910         
 113608 99872     2539.5730   312                   2426.3354 18473703         
 114019 100540     2585.1032   342                   2426.3354 18621492         
 114444 100493     2596.1421   223                   2426.3464 18589286         
 114952 100698     2542.9724   227                   2426.3464 18667807         
 115388 101050     2457.4411   453                   2426.3690 18729519         
 115872 100975     2529.3987   260                   2426.3737 18702081         
 116170 101824     2578.4115   103                   2426.3889 18829594         
Elapsed time = 4783.62 sec. (1190670.53 ticks, tree = 8288.08 MB, solutions = 0)
Nodefile size = 6214.95 MB (5506.27 MB after compression)
 116576 102913     2584.6635   349                   2426.3984 19054457         
 116854 102391     2624.9830   269                   2426.3984 18917870         
 117123 102781     2556.0300   456                   2426.3984 19018247         
 117411 103129     2481.1744   296                   2426.4111 19085328         
 117801 104244     2486.1618   330                   2426.4180 19287301         
 118106 103754     2439.9100   401                   2426.4180 19160448         
 118512 104289     2458.8361   385                   2426.4180 19301167         
 118823 104947     2499.6077   235                   2426.4180 19455408         
 119028 105398     2532.6742   541                   2426.4180 19529938         
 119393 105689     2435.6574   469                   2426.4261 19574446         
Elapsed time = 4973.17 sec. (1228923.78 ticks, tree = 8579.58 MB, solutions = 0)
Nodefile size = 6512.14 MB (5767.49 MB after compression)
 119748 106033     2515.8287   289                   2426.4261 19689234         
 120055 105838     2543.9144   451                   2426.4590 19669623         
 120283 106089     2445.7484   414                   2426.4699 19726374         
 120587 106241     2459.2089   457                   2426.4723 19774399         
 120838 106922     2442.5866   507                   2426.4723 19867155         
 121073 107322     2596.5906   350                   2426.4723 20035264         
 121262 107479     2659.2516   435                   2426.4863 20086653         
 121439 108073     2690.5331   350                   2426.4863 20247010         
 121671 108043     2427.3248   549                   2426.4863 20235660         
 121837 108164     2593.8049   361                   2426.4863 20273136         
Elapsed time = 5161.58 sec. (1267215.18 ticks, tree = 8794.01 MB, solutions = 0)
Nodefile size = 6731.48 MB (5962.70 MB after compression)
 122056 108233     2693.9444   416                   2426.5038 20289595         
 122410 108330     2495.6850   415                   2426.5113 20336211         
 122759 108951     2448.8932   474                   2426.5147 20460995         
 123137 109002     2441.9836   500                   2426.5147 20476904         
 123423 109259     2454.9062   499                   2426.5147 20541839         
 123835 109307     2516.1714   426                   2426.5147 20557100         
 124252 110035    infeasible                         2426.5292 20695753         
 124502 109382     2457.7530   399                   2426.5292 20570107         
 124803 111126     2540.0297   306                   2426.5292 20951322         
 125063 110315     2441.9747   466                   2426.5836 20768371         
Elapsed time = 5364.62 sec. (1305431.58 ticks, tree = 8982.86 MB, solutions = 0)
Nodefile size = 6913.67 MB (6124.41 MB after compression)
 125345 110624     2436.8941   518                   2426.6035 20850891         
 125613 111505     2460.9830   241                   2426.6210 21007263         
 125868 111644     2438.8613   507                   2426.6210 21053383         
 126097 112303     2452.5387   356                   2426.6303 21279776         
 126373 112054     2440.8313   546                   2426.6303 21210696         
 126652 112731     2433.2826   459                   2426.6303 21373406         
 126983 113043     2530.6156   346                   2426.6305 21453300         
 127337 112668     2561.0627   347                   2426.6305 21368306         
 127582 113545     2444.9571   489                   2426.6319 21528319         
 127859 113088     2434.5559   560                   2426.6467 21495219         
Elapsed time = 5562.41 sec. (1343731.77 ticks, tree = 9225.20 MB, solutions = 0)
Nodefile size = 7165.34 MB (6348.66 MB after compression)
 128105 114093     2524.0536   259                   2426.6539 21682555         
 128347 113654     2430.6288   507                   2426.6604 21606280         
 128639 114756     2461.8256   495                   2426.6622 21844887         
 128870 114485     2558.5057   466                   2426.6731 21788239         
 129168 115011     2459.8804   540                   2426.6881 21945208         
 129474 115208     2525.9189   463                   2426.6881 21991844         
 129757 115679     2477.4477   317                   2426.6881 22084066         
 130098 115906     2440.4435   364                   2426.6881 22115944         
 130451 115389     2430.4743   510                   2426.6881 22043619         
 130820 116299     2731.7971   332                   2426.6881 22249623         
Elapsed time = 5755.74 sec. (1382144.96 ticks, tree = 9505.91 MB, solutions = 0)
Nodefile size = 7446.41 MB (6598.50 MB after compression)
 130963 117120     2448.4347   435                   2426.7071 22402914         
 131156 117220     2504.0444   524                   2426.7071 22432229         
 131382 117414     2497.7110   302                   2426.7071 22518060         
 131588 117425     2527.4869   327                   2426.7071 22526204         
 131788 117905     2721.9404   472                   2426.7071 22668678         
 132074 118142     2558.4335   441                   2426.7361 22709646         
 132324 118268     2580.1899   227                   2426.7576 22754976         
 132602 118653     2461.9421   445                   2426.7576 22865737         
 132952 118378     2644.1760   161                   2426.7576 22768053         
 133310 118647     2441.6960   436                   2426.7576 22840292         
Elapsed time = 5950.00 sec. (1420551.31 ticks, tree = 9712.69 MB, solutions = 0)
Nodefile size = 7645.09 MB (6774.46 MB after compression)
 133607 118849     2439.4355   470                   2426.7766 22921186         
 133881 119528     2448.7564   422                   2426.7766 23086759         
 134181 119782     2552.3945   495                   2426.7766 23153784         
 134391 119889     2461.0290   412                   2426.7766 23177428         
 134622 119817     2635.6478   484                   2426.7804 23167581         
 134833 120371     2820.9775   466                   2426.7804 23271278         
 135012 120970    infeasible                         2426.7845 23459047         
 135223 120801     2590.3646   383                   2426.7845 23421543         
 135417 121124     2612.6842   354                   2426.7845 23485787         
 135574 121036     2504.6244   451                   2426.7931 23479375         
Elapsed time = 6129.89 sec. (1458922.11 ticks, tree = 9922.01 MB, solutions = 0)
Nodefile size = 7856.75 MB (6963.49 MB after compression)
 135725 121723     2454.2045   394                   2426.7931 23697101         
 135947 121791     2474.3277   310                   2426.7931 23704943         
 136169 122031     2545.3766   428                   2426.7931 23823913         
 136462 122065     2606.4961   511                   2426.8099 23846198         
 136697 121933     2613.2233   416                   2426.8099 23797774         
 136965 122282     2568.4286   215                   2426.8099 23865965         
 137185 122865     2616.6676   225                   2426.8104 24065878         
 137368 123037     2427.9918   422                   2426.8104 24137203         
 137506 122923     2457.9778   476                   2426.8104 24074679         
 137672 123344     2479.6376   379                   2426.8232 24184381         
Elapsed time = 6313.36 sec. (1497510.77 ticks, tree = 10125.01 MB, solutions = 0)
Nodefile size = 8064.84 MB (7147.11 MB after compression)
 137797 123507     2510.9460   532                   2426.8232 24294537         
 137920 123708     2433.0285   517                   2426.8232 24367055         
 138100 123749     2636.8607   402                   2426.8256 24399803         
 138232 124047     2451.0311   540                   2426.8256 24540760         
 138375 124257     2466.7075   492                   2426.8256 24623093         
 138523 124046     2524.1190   387                   2426.8256 24537087         
 138783 124060     2485.3672   541                   2426.8256 24557163         
 139002 124648     2587.8515    50                   2426.8386 24692076         
 139188 124803     2434.6168   415                   2426.8386 24818146         
 139290 124858    infeasible                         2426.8386 24862700         
Elapsed time = 6495.08 sec. (1535962.35 ticks, tree = 10258.09 MB, solutions = 0)
Nodefile size = 8199.37 MB (7266.11 MB after compression)
 139493 125341     2454.5664   493                   2426.8482 24981768         
 139716 125360     2456.1332   480                   2426.8482 24985231         
 139970 125578     2433.2188   512                   2426.8572 25081648         
 140125 125341     2462.6220   543                   2426.8572 24971009         
 140354 125517     2488.9364   355                   2426.8643 25050804         
 140665 125599     2554.8177   375                   2426.8643 25084614         
 140929 126320     2459.6282   520                   2426.8643 25286669         
 141080 126109     2567.1656   517                   2426.8643 25277177         
 141284 126671     2504.9677   262                   2426.8643 25371176         
 141606 126807     2431.3324   547                   2426.8643 25389900         
Elapsed time = 6684.86 sec. (1574309.49 ticks, tree = 10429.04 MB, solutions = 0)
Nodefile size = 8359.14 MB (7408.45 MB after compression)
 141849 127289     2596.4034   412                   2426.8643 25586647         
 142093 127431     2451.3177   528                   2426.8667 25608080         
 142350 127242     2600.6404   460                   2426.9071 25579918         
 142585 128110     2435.3096   365                   2426.9071 25802878         
 142812 127831     2469.3533   538                   2426.9088 25747500         
 142974 127755     2610.6711   473                   2426.9088 25733483         
 143199 128592     2505.4171   525                   2426.9103 25955231         
 143363 128360     2445.7416   443                   2426.9103 25901070         
 143503 128641     2530.4674   496                   2426.9103 25957689         
 143657 129340     2598.1548   410                   2426.9200 26177451         
Elapsed time = 6860.88 sec. (1612856.22 ticks, tree = 10636.16 MB, solutions = 0)
Nodefile size = 8577.41 MB (7602.45 MB after compression)
 143875 129240     2462.8069   363                   2426.9200 26166010         
 144046 129617     2443.7783   443                   2426.9200 26239245         
 144200 129734     2478.1848   412                   2426.9200 26331374         
 144421 129897     2491.5329   282                   2426.9200 26435248         
 144635 129996     2558.9220   505                   2426.9373 26486467         
 144948 129828     2600.4460   329                   2426.9373 26412844         
 145124 130007     2549.8334   206                   2426.9373 26454984         
 145301 130660     2452.8366   594                   2426.9394 26649715         
 145593 130634     2557.4476   315                   2426.9394 26637898         
 145872 130719     2454.8454   550                   2426.9394 26652506         
Elapsed time = 7057.91 sec. (1651247.88 ticks, tree = 10726.04 MB, solutions = 0)
Nodefile size = 8659.51 MB (7674.20 MB after compression)
 146119 131139     2478.9959   483                   2426.9394 26788093         
 146333 131516     2623.7656   337                   2426.9422 26914981         
 146579 131341    infeasible                         2426.9598 26889340         
 146947 131785     2439.7540   497                   2426.9598 26974166         
 147246 131664     2444.1229   485                   2426.9598 26966016         
 147425 131710     2449.9650   462                   2426.9598 26970839         
 147705 132372     2451.3018   415                   2426.9610 27156036         
 147989 133301     2460.2459   358                   2426.9610 27376583         
 148219 132808     2503.6984   425                   2426.9610 27267460         
 148442 133505     2554.3678   274                   2426.9610 27414304         
Elapsed time = 7250.33 sec. (1689545.08 ticks, tree = 10970.74 MB, solutions = 0)
Nodefile size = 8911.14 MB (7894.10 MB after compression)
 148702 133543     2812.4048   275                   2426.9636 27421608         
 148905 134283     2454.4174   539                   2426.9990 27637940         
 149136 133725     2452.1726   542                   2426.9990 27451982         
 149284 134096     2548.5476   332                   2426.9990 27617095         
 149433 134862     2573.6872   479                   2427.0079 27836324         
 149595 134993     2531.1840   518                   2427.0079 27887776         
 149741 134859     2593.7912   283                   2427.0079 27819051         
 149874 135156     2683.3832   414                   2427.0079 27962176         
 149997 135342     2647.8047   474                   2427.0079 28065662         
 150110 135486     2468.9136   516                   2427.0477 28118016         
Elapsed time = 7432.42 sec. (1728003.26 ticks, tree = 11145.11 MB, solutions = 0)
Nodefile size = 9085.92 MB (8048.91 MB after compression)
 150279 135213     2490.7611   399                   2427.0477 27996932         
 150454 135626     2435.4401   501                   2427.0477 28146662         
 150607 135507     2540.2533   516                   2427.0477 28128683         
 150770 135840     2478.6959   468                   2427.0654 28299823         
 150902 135985     2485.1038   524                   2427.0654 28363979         
 150976 135940     2647.4224   483                   2427.0654 28347560         
 151123 136389     2447.8400   489                   2427.0654 28525734         
 151299 136717     2485.6738   313                   2427.0774 28692187         
 151542 136757     2496.7719   322                   2427.0774 28697332         
 151760 136776     2524.8712   317                   2427.0947 28703928         
Elapsed time = 7620.36 sec. (1766568.20 ticks, tree = 11254.25 MB, solutions = 0)
Nodefile size = 9190.42 MB (8139.98 MB after compression)
 151998 136992     2695.7703   439                   2427.0947 28816230         
 152301 136872     2521.1206   465                   2427.0975 28750841         
 152510 137175     2429.1362   512                   2427.0975 28891231         
 152764 137216     2437.4155   400                   2427.0975 28898592         
 153032 137192     2461.8134   501                   2427.0975 28878379         
 153296 137770     2543.6414   472                   2427.1098 29047213         
 153450 137720     2533.6398   413                   2427.1098 29032807         
 153602 138450     2451.7786   327                   2427.1098 29235524         
 153726 138254    infeasible                         2427.1119 29204531         
 153874 138811     2523.3521   476                   2427.1262 29364049         
Elapsed time = 7806.05 sec. (1804946.36 ticks, tree = 11434.59 MB, solutions = 0)
Nodefile size = 9374.91 MB (8302.39 MB after compression)
 154000 139098     2499.1331   499                   2427.1262 29539620         
 154181 139411     2448.2679   498                   2427.1282 29625420         
 154388 139376     2714.4153   449                   2427.1282 29616910         
 154528 139126     2527.7504   465                   2427.1282 29552338         
 154723 139458     2444.2085   511                   2427.1282 29624510         
 154937 139505     2501.3244   351                   2427.1350 29644404         
 155148 140091     2456.0411   226                   2427.1350 29844597         
 155326 140203     2436.3256   561                   2427.1350 29904813         
 155596 140282     2444.4112   386                   2427.1350 29909172         
 155820 140288     2429.5331   588                   2427.1554 29935972         
Elapsed time = 7995.30 sec. (1843262.49 ticks, tree = 11565.10 MB, solutions = 0)
Nodefile size = 9501.72 MB (8414.37 MB after compression)
 156067 141133     2459.2767   424                   2427.1681 30192135         
 156444 141154     2484.5943   328                   2427.1681 30198446         
 156686 140452     2451.9803   364                   2427.1681 30017141         
 156982 140676     2446.9547   254                   2427.2061 30099820         
 157251 141930     2458.0506   410                   2427.2061 30367213         
 157496 141363     2451.5104   393                   2427.2061 30225661         
 157786 142425     2473.7294   301                   2427.2061 30512361         
 158088 142671     2575.0745   314                   2427.2061 30586199         
 158287 142915     2434.1960   360                   2427.2276 30634815         
 158532 143083     2445.9882   491                   2427.2341 30707380         
Elapsed time = 8214.94 sec. (1881599.47 ticks, tree = 11811.13 MB, solutions = 0)
Nodefile size = 9749.19 MB (8633.63 MB after compression)
 158829 143147     2450.6029   397                   2427.2487 30711022         
 159004 143578     2486.1677   409                   2427.2487 30792944         
 159316 143197     2450.8128   469                   2427.2668 30721949         
 159629 144053     2503.6499   485                   2427.2668 30915117         
 159942 143992     2441.7566   462                   2427.2668 30906338         
 160232 144581     2462.3547   541                   2427.2668 31038369         
 160487 144280     2505.6957   532                   2427.2849 30978746         
 160812 144671     2704.6734   300                   2427.2890 31079598         
 161026 144855     2474.2170   345                   2427.2890 31112397         
 161211 145345     2531.2899   405                   2427.3092 31245781         
Elapsed time = 8401.92 sec. (1919922.88 ticks, tree = 12010.62 MB, solutions = 0)
Nodefile size = 9951.03 MB (8811.60 MB after compression)
 161437 145903     2442.3689   506                   2427.3092 31397603         
 161678 146290     2689.6400   346                   2427.3092 31485296         
 161881 146393     2485.2317   399                   2427.3092 31511724         
 161998 146388     2568.4928   484                   2427.3149 31542949         
 162223 146308     2625.7646   180                   2427.3209 31454470         
 162436 147081     2536.8431   333                   2427.3226 31780256         
 162706 147317     2565.9232   297                   2427.3226 31827555         
 162881 147379     2583.9933   189                   2427.3226 31833061         
 163046 146877     2469.1984   342                   2427.3226 31743035         
 163193 147467     2427.9411   526                   2427.3226 31990956         
Elapsed time = 8591.36 sec. (1958426.04 ticks, tree = 12197.50 MB, solutions = 0)
Nodefile size = 10137.63 MB (8976.71 MB after compression)
 163339 147491     2456.4697   491                   2427.3226 31996136         
 163557 147669     2643.4749   529                   2427.3226 32073190         
 163724 148317     2535.3428   380                   2427.3238 32211646         
 163916 147853     2459.8080   390                   2427.3421 32080473         
 164090 148226     2612.6163   236                   2427.3421 32192447         
 164254 148317     2446.2938   532                   2427.3433 32214098         
 164425 148613     2528.1487   286                   2427.3433 32326102         
 164642 148470     2537.9155   413                   2427.3524 32322439         
 164773 149045     2559.5408   428                   2427.3568 32502713         
 164878 149476     2657.8786   283                   2427.3586 32649620         
Elapsed time = 8786.31 sec. (1996859.40 ticks, tree = 12374.10 MB, solutions = 0)
Nodefile size = 10313.69 MB (9135.05 MB after compression)
 165008 149229     2471.4712   348                   2427.3624 32535879         
 165154 149197     2584.6549   378                   2427.3624 32562914         
 165292 149522     2458.1399   377                   2427.3624 32668601         
 165490 150074     2490.4171   494                   2427.3624 32959692         
 165681 150115     2809.3229   408                   2427.3624 32996211         
 165840 149819     2443.1295   540                   2427.3624 32849389         
 166078 150100     2548.3092   473                   2427.3624 32974847         
 166306 150329     2436.9977   484                   2427.3641 33065868         
 166426 150659     2490.3285   443                   2427.3733 33238937         
 166622 150452     2511.3757   374                   2427.3733 33119775         
Elapsed time = 9005.16 sec. (2035272.59 ticks, tree = 12459.44 MB, solutions = 0)
Nodefile size = 10397.08 MB (9208.74 MB after compression)
 166815 151089     2451.2418   329                   2427.3878 33364401         
 167024 150941     2588.2920   205                   2427.3878 33314537         
 167247 151430     2575.9531   164                   2427.3878 33417219         
 167381 151448     2434.4246   494                   2427.4073 33424661         
 167527 151552     2467.2261   380                   2427.4073 33506036         
 167663 151593     2483.8599   381                   2427.4090 33510381         
 167783 151915     2515.5084   354                   2427.4090 33645914         
 167984 151702     2454.6609   521                   2427.4119 33573243         
 168142 152158     2738.4259   491                   2427.4119 33744662         
 168338 152539     2475.5511   496                   2427.4119 33875658         
Elapsed time = 9194.41 sec. (2073656.29 ticks, tree = 12644.64 MB, solutions = 0)
Nodefile size = 10582.34 MB (9372.75 MB after compression)
 168555 152748     2608.6197   211                   2427.4119 33958357         
 168743 152542     2431.3025   521                   2427.4119 33841024         
 168982 153234     2448.5867   388                   2427.4331 34145728         
 169194 153293     2449.1210   376                   2427.4333 34147784         
 169329 152802     2558.1160   485                   2427.4333 34055029         
 169501 153050     2545.3990   404                   2427.4333 34125419         
 169730 153891     2443.4182   256                   2427.4580 34407605         
 169993 153969     2440.6332   363                   2427.4580 34445110         
 170220 153866     2473.0736   368                   2427.4580 34392496         
 170415 154368     2470.2074   379                   2427.4580 34571392         
Elapsed time = 9392.14 sec. (2111968.22 ticks, tree = 12808.61 MB, solutions = 0)
Nodefile size = 10747.36 MB (9519.69 MB after compression)
 170665 154595     2518.6091   273                   2427.4663 34607708         
 170838 154159     2659.6069   434                   2427.4663 34572706         
 170987 155024     2704.1486   322                   2427.4708 34747840         
 171164 154977     2448.8681   442                   2427.4708 34730726         
 171271 154988     2449.4093   447                   2427.4708 34731712         
 171470 155072     2507.5821   343                   2427.4708 34795182         
 171751 155593     2462.2337   442                   2427.4708 34966557         
 171952 155247     2444.1213   445                   2427.4876 34819369         
 172128 155928     2428.9540   496                   2427.4876 35092456         
 172369 156351     2453.4909   499                   2427.4876 35205922         
Elapsed time = 9584.19 sec. (2150457.59 ticks, tree = 12984.87 MB, solutions = 0)
Nodefile size = 10925.15 MB (9677.74 MB after compression)
 172703 155907     2479.2422   363                   2427.4876 35049848         
 172933 156639     2500.7635   361                   2427.4984 35349785         
 173143 156648     2593.4929   403                   2427.4984 35354246         
 173309 156790     2449.2914   369                   2427.4984 35396611         
 173517 156592     2441.2314   495                   2427.4984 35333517         
 173736 157423     2432.3403   550                   2427.5161 35495226         
 174019 157756     2467.1488   395                   2427.5161 35606218         
 174188 158079     2517.2632   413                   2427.5161 35712360         
 174428 158056     2495.9077   274                   2427.5283 35684727         
 174713 157848     2476.0637   460                   2427.5493 35640819         
Elapsed time = 9763.06 sec. (2188750.00 ticks, tree = 13118.90 MB, solutions = 0)
Nodefile size = 11052.66 MB (9790.56 MB after compression)
 174925 158429     2441.2986   476                   2427.5493 35795490         
 175103 158208     2447.6075   566                   2427.5493 35790028         
 175315 158752     2466.3249   528                   2427.5524 35929997         
 175553 159489     2550.9120   529                   2427.5524 36139644         
 175849 158821     2826.6433   503                   2427.5524 35942087         
 176206 159333     2465.9253   384                   2427.5560 36046600         
 176566 160066    infeasible                         2427.5560 36300472         
 176890 160092     2466.9994   361                   2427.5560 36251810         
 177279 160368     2500.0962   545                   2427.5560 36359358         
 177623 160961     2450.6549   491                   2427.5560 36480323         
Elapsed time = 9960.62 sec. (2227077.49 ticks, tree = 13396.10 MB, solutions = 0)
Nodefile size = 11329.68 MB (10033.40 MB after compression)
 177929 161168     2466.1077   368                   2427.5560 36519100         
 178198 161632    infeasible                         2427.5560 36564213         
 178470 161421     2613.7750   196                   2427.5560 36554649         
 178626 161990     2453.3676   475                   2427.5755 36670117         
 178883 162025     2460.0107   347                   2427.5755 36677088         
 179357 162648     2554.0126   484                   2427.5755 36796804         
 179607 163010     2567.6107   490                   2427.5755 36885130         
 179851 162915     2434.8912   487                   2427.5846 36861046         
 180069 162840     2489.1310   410                   2427.5846 36841065         
 180297 163455     2476.1426   433                   2427.5846 37076529         
Elapsed time = 10176.08 sec. (2265360.70 ticks, tree = 13617.64 MB, solutions = 0)
Nodefile size = 11557.92 MB (10238.69 MB after compression)
 180504 163160     2478.5962   355                   2427.5846 36995609         
 180706 163182     2543.4023   396                   2427.5846 37003044         
 180861 163539     2533.3340   358                   2427.6140 37086461         
 181038 164308     2805.1495   395                   2427.6140 37271704         
 181199 164671     2673.2860   510                   2427.6140 37388410         
 181348 164368     2571.5493   479                   2427.6140 37302461         
 181542 165079     2615.0957   380                   2427.6140 37578317         
 181709 165255     2580.1770   377                   2427.6259 37653154         
 181879 165201     2434.9698   518                   2427.6381 37615246         
 182132 165716     2491.8042   338                   2427.6589 37790697         
Elapsed time = 10361.36 sec. (2303793.39 ticks, tree = 13776.20 MB, solutions = 0)
Nodefile size = 11715.80 MB (10378.14 MB after compression)
 182332 165227     2502.9238   441                   2427.6589 37643443         
 182536 165367     2536.5372   470                   2427.6879 37701229         
 182729 166119     2543.8401   157                   2427.6879 37899588         
 182955 165848     2446.7601   464                   2427.6879 37810677         
 183191 166409     2695.9762   279                   2427.6879 38031464         
 183406 166428     2438.9633   384                   2427.6884 38037509         
 183586 166212     2472.9494   382                   2427.7110 37922909         
 183959 167039     2502.7593   423                   2427.7144 38181616         
 184338 167375    infeasible                         2427.7144 38280875         
 184604 167090     2483.0722   386                   2427.7144 38195422         
Elapsed time = 10573.75 sec. (2342404.99 ticks, tree = 13898.78 MB, solutions = 0)
Nodefile size = 11831.65 MB (10480.48 MB after compression)
 184829 167798     2478.5872   373                   2427.7144 38473572         
 185066 167656     2444.4644   421                   2427.7244 38404796         
 185343 167951     2454.7157   475                   2427.7364 38519507         
 185612 168178     2669.2650   235                   2427.7486 38540253         
 185872 167983     2459.9523   393                   2427.7793 38489364         
 186105 168870     2451.5270   377                   2427.7793 38686946         
 186259 168690     2468.0790   391                   2427.7793 38637066         
 186441 169626     2445.7172   372                   2427.7793 38868314         
 186619 169736     2535.7001   322                   2427.7995 38891095         
 186828 169557     2443.5882   275                   2427.7995 38860323         
Elapsed time = 10781.52 sec. (2380924.75 ticks, tree = 14121.33 MB, solutions = 0)
Nodefile size = 12052.73 MB (10676.53 MB after compression)
 186996 170263     2545.3662   481                   2427.7995 39071565         
 187178 169872     2528.5210   367                   2427.7995 39001991         
 187417 170329     2481.1673   363                   2427.7995 39085571         
 187737 170630     2434.1767   515                   2427.7995 39172444         
 188094 171048     2446.7777   552                   2427.8198 39355645         
 188404 170849     2444.4209   469                   2427.8198 39284307         
 188762 171279     2479.0764   482                   2427.8198 39442022         
 188985 171264     2472.3555   358                   2427.8198 39366113         
 189151 171986     2462.9609   536                   2427.8336 39566572         
 189305 172270     2484.1256   465                   2427.8336 39653432         
Elapsed time = 10976.49 sec. (2419247.87 ticks, tree = 14353.54 MB, solutions = 0)
Nodefile size = 12292.24 MB (10889.86 MB after compression)
 189475 172674     2461.5871   297                   2427.8818 39702475         
 189687 172759     2498.5104   490                   2427.8818 39765770         
 189968 172945     2549.2423   418                   2427.8818 39852485         
 190299 172847     2568.5976   484                   2427.8818 39774340         
 190545 172890     2431.7104   414                   2427.8818 39801180         
 190842 172888     2574.3331   378                   2427.8818 39834045         
 191078 173674     2430.2740   545                   2427.8855 40094640         
 191219 173218     2439.8632   447                   2427.8855 39945992         
 191458 174616     2443.5108   409                   2427.8998 40293967         
 191686 174676     2702.3642   493                   2427.9010 40314083         
Elapsed time = 11179.88 sec. (2457596.49 ticks, tree = 14523.77 MB, solutions = 0)
Nodefile size = 12463.60 MB (11040.24 MB after compression)
 191945 174177     2508.2354   473                   2427.9034 40182322         
 192177 174456     2456.1261   342                   2427.9161 40234694         
 192530 175198     2440.3436   510                   2427.9161 40416489         
 192903 175331     2530.7186   319                   2427.9161 40450889         
 193267 175804     2461.9886   491                   2427.9335 40601103         
 193634 175441     2483.8322   404                   2427.9335 40465700         
 194005 176403     2445.7618   429                   2427.9335 40719945         
 194265 176292     2521.5002   339                   2427.9335 40694929         
 194622 176301     2560.8553   349                   2427.9378 40702258         
 194988 177123     2451.0969   517                   2427.9718 40855951         
Elapsed time = 11402.86 sec. (2495873.38 ticks, tree = 14742.08 MB, solutions = 0)
Nodefile size = 12675.84 MB (11229.43 MB after compression)
 195298 177604     2523.0309   265                   2427.9718 40974481         
 195538 176940     2451.3412   418                   2427.9718 40801354         
 195855 177796     2495.1014   337                   2427.9718 41016210         
 196169 177973     2569.5910   189                   2427.9826 41111606         
 196394 179183     2547.4541   275                   2427.9826 41381383         
 196584 178293     2450.3040   440                   2427.9924 41176018         
 196736 179211     2450.4043   422                   2427.9924 41359958         
 196873 179252     2430.9565   516                   2427.9924 41399668         
 197050 179639     2536.1014   271                   2428.0125 41497173         
 197267 179659     2666.6499   260                   2428.0125 41503815         
Elapsed time = 11593.33 sec. (2534572.99 ticks, tree = 14969.44 MB, solutions = 0)
Nodefile size = 12901.57 MB (11430.35 MB after compression)
 197521 180441     2503.2055   417                   2428.0125 41837442         
 197637 180648     2449.0261   379                   2428.0156 41866181         
 197791 179795     2437.1213   463                   2428.0156 41596047         
 197968 180022     2591.6786   511                   2428.0316 41709912         
 198158 180024     2594.6967   514                   2428.0316 41710250         
 198314 181180     2470.6879   572                   2428.0337 42147557         
 198478 180907     2521.0192   335                   2428.0337 41995992         
 198649 181123     2450.7069   344                   2428.0366 42068544         
 198847 181221     2452.5285   434                   2428.0366 42126704         
 199020 181185     2481.1418   329                   2428.0386 42080626         
Elapsed time = 11783.58 sec. (2572900.15 ticks, tree = 15105.66 MB, solutions = 0)
Nodefile size = 13032.62 MB (11543.32 MB after compression)
 199220 181569     2580.7729   471                   2428.0630 42262898         
 199415 182022     2458.9805   542                   2428.0630 42410667         
 199617 182222     2454.6956   327                   2428.0630 42460908         
 199953 182282     2479.8737   490                   2428.0630 42523659         
 200203 182068     2595.7485   506                   2428.0645 42423738         
 200486 182441     2434.4855   447                   2428.0660 42571764         
 200723 182396     2471.8103   561                   2428.0751 42538891         
 200990 182629     2468.2667   528                   2428.0775 42633069         
 201303 182714     2476.7785   504                   2428.0775 42637037         
 201668 183327     2553.2030   274                   2428.0775 42825574         
Elapsed time = 11998.11 sec. (2611264.97 ticks, tree = 15297.41 MB, solutions = 0)
Nodefile size = 13227.83 MB (11714.69 MB after compression)
 202100 183372    infeasible                         2428.1112 42834056         
 202398 184316     2481.6084   425                   2428.1180 43065999         
 202541 184324     2486.9319   441                   2428.1180 43071178         
 202745 184096     2509.9018   475                   2428.1180 43017812         
 202929 184538     2597.2535   479                   2428.1180 43117460         
 203149 184972     2454.4214   389                   2428.1221 43234075         
 203373 185408     2814.9608   483                   2428.1221 43364123         
 203587 185431     2436.4257   468                   2428.1258 43368300         
 203773 186004     2614.7415   330                   2428.1258 43525437         
 203962 186369     2445.8203   323                   2428.1315 43613480         
Elapsed time = 12207.06 sec. (2649641.13 ticks, tree = 15546.61 MB, solutions = 0)
Nodefile size = 13485.01 MB (11936.56 MB after compression)
 204261 186250     2459.8366   452                   2428.1318 43585675         
 204435 187070     2638.0603   177                   2428.1320 43786689         
 204755 186925     2468.0304   456                   2428.1320 43779122         
 205025 187327     2788.0168    59                   2428.1320 43795718         
 205294 187216     2620.4381   278                   2428.1427 43889857         
 205516 187208     2528.2200   460                   2428.1427 43840646         
 205697 187215     2487.5680   353                   2428.1427 43847696         
 205872 188382     2496.8460   339                   2428.1620 44188401         
 206040 187472     2447.4270   377                   2428.1620 43938957         
 206283 187883     2710.3724   467                   2428.1627 44107945         
Elapsed time = 12417.28 sec. (2688008.21 ticks, tree = 15681.65 MB, solutions = 0)
Nodefile size = 13615.87 MB (12052.09 MB after compression)
 206451 187714     2472.9541   400                   2428.1627 44054849         
 206669 188883     2488.1143   316                   2428.1749 44385896         
 206948 188768     2435.7913   473                   2428.1749 44333467         
 207240 188900     2484.5553   327                   2428.1749 44365968         
 207473 188845     2450.1528   329                   2428.1749 44343745         
 207639 189554     2446.6032   518                   2428.1881 44663269         
 207857 189780     2472.5790   191                   2428.1962 44687670         
 208026 189570     2463.4984   514                   2428.2030 44667433         
 208135 190381     2475.6265   352                   2428.2030 44845369         
 208304 190362     2541.1720   337                   2428.2030 44822522         
Elapsed time = 12618.02 sec. (2726298.34 ticks, tree = 15904.28 MB, solutions = 0)
Nodefile size = 13840.97 MB (12250.73 MB after compression)
 208521 190396     2627.6450   385                   2428.2175 44828745         
 208782 190972     3147.9257   526                   2428.2175 45023731         
 209072 191246     2459.1368   552                   2428.2215 45082070         
 209484 191003     2473.1444   419                   2428.2296 45018213         
 209748 191293     2458.6519   356                   2428.2296 45112513         
 209930 191026     2452.2925   380                   2428.2296 45033739         
 210118 191187     2554.5937   493                   2428.2308 45088870         
 210286 191588     2512.9038   505                   2428.2418 45194736         
 210488 191769     2492.1902   406                   2428.2429 45200914         
 210617 192247     2700.5903   354                   2428.2429 45313144         
Elapsed time = 12830.69 sec. (2764646.08 ticks, tree = 16074.62 MB, solutions = 0)
Nodefile size = 14010.80 MB (12401.32 MB after compression)
 210819 191971     2464.3107   477                   2428.2473 45256257         
 211060 192361     2436.3172   522                   2428.2473 45320455         
 211236 192983     2447.3194   561                   2428.2473 45584740         
 211441 193248     2616.7030   528                   2428.2473 45689462         
 211600 193410     2447.8774   494                   2428.2565 45752833         
 211748 193930     2553.3146   496                   2428.2565 45936423         
 211912 193290     2452.5708   518                   2428.2565 45703556         
 212067 193729     2512.4082   480                   2428.2589 45859227         
 212236 194088     2577.4101   478                   2428.2717 46011298         
 212512 194360     2938.4569   517                   2428.2717 46103306         
Elapsed time = 13016.42 sec. (2803001.95 ticks, tree = 16263.37 MB, solutions = 0)
Nodefile size = 14201.41 MB (12569.64 MB after compression)
 212773 194536     2520.2362   500                   2428.2717 46173873         
 212966 194736     2500.0004   501                   2428.2717 46228798         
 213225 195025     2452.6758   513                   2428.2718 46349705         
 213467 194771     2733.1414   503                   2428.2854 46238239         
 213641 194659     2440.1583   545                   2428.2854 46216730         
 213847 194932     2449.7815   471                   2428.2854 46322081         
 214012 195662     2525.0423   514                   2428.2854 46477322         
 214184 195678     2694.9096   510                   2428.2919 46483659         
 214338 196014     2505.8228   453                   2428.3000 46621126         
 214539 196080     2614.1395   452                   2428.3000 46659875         
Elapsed time = 13212.47 sec. (2841539.34 ticks, tree = 16418.04 MB, solutions = 0)
Nodefile size = 14355.78 MB (12704.98 MB after compression)
 214705 195947     2454.4171   523                   2428.3045 46569864         
 214882 196604     2444.8257   445                   2428.3045 46805214         
 215051 196902     2468.7988   329                   2428.3173 46906768         
 215265 196954     2469.2676   316                   2428.3173 46908391         
 215487 196651     2461.8499   449                   2428.3173 46815656         
 215709 197387     2452.6849   336                   2428.3198 47061926         
 216095 197097     2438.3962   517                   2428.3198 46975173         
 216485 197551     2467.0362   368                   2428.3198 47130236         
 216708 197659     2508.3452   433                   2428.3256 47180069         
 216967 197651     2437.5717   475                   2428.3256 47170622         
Elapsed time = 13422.28 sec. (2879782.08 ticks, tree = 16560.40 MB, solutions = 0)
Nodefile size = 14491.73 MB (12825.78 MB after compression)
 217217 198879     2456.0922   417                   2428.3310 47414010         
 217475 198706     2540.4181   384                   2428.3330 47411054         
 217725 199147     2450.2804   335                   2428.3418 47482496         
 217921 198733     2675.2939   432                   2428.3424 47424874         
 218096 198740     2674.8054   419                   2428.3432 47431354         
 218449 199768     2487.3144   478                   2428.3432 47704810         
 218722 200063     2439.4107   534                   2428.3432 47766014         
 218891 200226     2443.1928   447                   2428.3432 47844761         
 219069 200432     2614.1682   425                   2428.3432 47913979         
 219227 200127     2605.0308   491                   2428.3432 47783944         
Elapsed time = 13634.03 sec. (2918127.15 ticks, tree = 16782.45 MB, solutions = 0)
Nodefile size = 14711.44 MB (13019.84 MB after compression)
 219451 200160     2447.6568   394                   2428.3477 47790660         
 219652 200467     2461.2244   422                   2428.3616 47927411         
 219889 200848     2585.6532   484                   2428.3616 48056307         
 220061 201191     2673.9430   337                   2428.3719 48166237         
 220218 201468     2570.2786   447                   2428.3719 48269395         
 220314 201432     2451.1055   530                   2428.3790 48231742         
 220495 201971     2647.6537   495                   2428.3790 48484529         
 220624 201807     2462.5395   483                   2428.3790 48385269         
 220770 202006     2474.6387   353                   2428.3790 48492617         
 220939 202333     2487.9698   372                   2428.3790 48593596         
Elapsed time = 13830.56 sec. (2956674.68 ticks, tree = 16980.64 MB, solutions = 0)
Nodefile size = 14916.88 MB (13201.36 MB after compression)
 221127 202578     2823.0105   478                   2428.3903 48674530         
 221313 202360     2572.1854   362                   2428.4040 48606446         
 221520 202627     2679.6271   389                   2428.4040 48656054         
 221806 202674     2497.4087   376                   2428.4040 48684174         
 222260 203255     2450.2326   486                   2428.4040 48898850         
 222546 203333     2451.2608   470                   2428.4114 48900379         
 222942 203553     2453.4592   428                   2428.4197 48953981         
 223150 204091     2487.5098   454                   2428.4217 49151014         
 223364 203663     2457.4272   438                   2428.4304 49011108         
 223571 204136     2634.4342   458                   2428.4304 49164881         
Elapsed time = 14055.47 sec. (2994992.63 ticks, tree = 17143.07 MB, solutions = 0)
Nodefile size = 15078.84 MB (13344.55 MB after compression)
 223756 205058     2493.8351   434                   2428.4304 49282188         
 224023 204173     2454.0934   409                   2428.4377 49142465         
 224232 204143     2463.6480   508                   2428.4493 49178041         
 224447 205731     2519.1298   453                   2428.4541 49532776         
 224664 205737     2547.4639   446                   2428.4541 49539084         
 224780 205706     2483.1228   504                   2428.4541 49512819         
 224934 206052     2429.9234   451                   2428.4541 49639074         
 225059 205776    infeasible                         2428.4541 49560668         
 225246 206704     2443.1386   391                   2428.4570 49868289         
 225432 206372     2504.8414   379                   2428.4732 49737679         
Elapsed time = 14251.36 sec. (3033554.63 ticks, tree = 17344.97 MB, solutions = 0)
Nodefile size = 15275.69 MB (13519.46 MB after compression)
 225577 206862     2716.6214   430                   2428.4732 49956223         
 225734 206813     2626.5441   423                   2428.4732 49936857         
 225894 206955     2454.6327   371                   2428.4745 49999068         
 226069 206988     2458.8334   363                   2428.4745 50003797         
 226236 207095     2450.9469   517                   2428.4763 50039155         
 226365 207606     2550.8424   453                   2428.4854 50238715         
 226632 207872     2592.6507   447                   2428.4854 50339139         
 226800 207453     2434.7756   499                   2428.4854 50182763         
 226970 207357     2594.6449   417                   2428.4854 50172691         
 227271 207981     2488.0132   436                   2428.4854 50357045         
Elapsed time = 14443.53 sec. (3071872.67 ticks, tree = 17489.21 MB, solutions = 0)
Nodefile size = 15417.29 MB (13642.44 MB after compression)
 227415 208247     2527.9584   281                   2428.4967 50471978         
 227586 208163     2501.2729   320                   2428.4967 50368482         
 227718 208151     2478.6657   411                   2428.4967 50434043         
 227879 208359     2466.1257   536                   2428.4967 50515603         
 228155 208439     2475.2729   539                   2428.5108 50518087         
 228332 208597     2562.0539   499                   2428.5143 50628657         
 228508 209565     2461.2834   324                   2428.5143 50928628         
 228647 208931    infeasible                         2428.5149 50769730         
 228813 209859     2467.1813   474                   2428.5149 51017924         
 228921 209500     2460.6626   391                   2428.5149 50918677         
Elapsed time = 14666.86 sec. (3110226.89 ticks, tree = 17626.56 MB, solutions = 0)
Nodefile size = 15563.85 MB (13771.66 MB after compression)
 229032 210032     2447.4605   408                   2428.5149 51087520         
 229125 210314     2487.8289   382                   2428.5149 51256277         
 229288 210634     2456.7311   419                   2428.5365 51403227         
 229471 210258     2470.3545   486                   2428.5365 51168697         
 229565 210274     2430.4192   473                   2428.5416 51173518         
 229697 210551     2518.6119   474                   2428.5416 51381051         
 229824 210907     2452.6134   450                   2428.5454 51481654         
 229967 210736     2494.2711   493                   2428.5454 51441055         
 230196 211469     2462.1008   405                   2428.5480 51712273         
 230395 211088     2448.3551   471                   2428.5480 51546380         
Elapsed time = 14859.74 sec. (3148784.07 ticks, tree = 17759.46 MB, solutions = 0)
Nodefile size = 15692.27 MB (13884.44 MB after compression)
 230618 211278     2477.9218   422                   2428.5480 51634841         
 230788 211281     2445.4023   406                   2428.5480 51589749         
 231014 211566     2448.6379   437                   2428.5480 51770655         
 231250 212126     2785.9471   450                   2428.5480 51938918         
 231473 211640     2463.6167   424                   2428.5530 51779693         
 231660 212134     2480.3716   420                   2428.5530 51952006         
 231807 211817     2490.2222   450                   2428.5530 51843315         
 231949 212883     2578.9401   435                   2428.5648 52202514         
 232143 212606     2456.5518   487                   2428.5648 52117899         
 232275 212959     2459.6066   476                   2428.5733 52231920         
Elapsed time = 15066.20 sec. (3187077.57 ticks, tree = 17928.55 MB, solutions = 0)
Nodefile size = 15866.93 MB (14038.23 MB after compression)
 232495 213114     2448.2739   422                   2428.5733 52269423         
 232738 213025    infeasible                         2428.5733 52241815         
 232876 213505     2460.6327   525                   2428.5905 52442404         
 233030 213451     2748.9603   282                   2428.5905 52422461         
 233149 214038     2456.9396   361                   2428.5967 52664772         
 233272 213669     2483.3162   387                   2428.6031 52553432         
 233433 214063     2512.0470   402                   2428.6031 52678775         
 233562 213604     2638.2832   349                   2428.6031 52539702         
 233738 214751     2435.0878   523                   2428.6031 52964111         
 233977 214517     2444.3991   472                   2428.6031 52835636         
Elapsed time = 15254.72 sec. (3225379.91 ticks, tree = 18066.71 MB, solutions = 0)
Nodefile size = 15997.63 MB (14151.86 MB after compression)
 234213 214489     2484.6448   394                   2428.6089 52803037         
 234433 214583     2444.2241   523                   2428.6203 52893632         
 234641 214842     2483.4518   482                   2428.6261 52976735         
 234889 214843     2443.8172   381                   2428.6261 52983885         
 235100 214896     2452.9396   472                   2428.6332 53010911         
 235388 215604     2472.9348   421                   2428.6423 53250841         
 235616 215606     2480.7852   387                   2428.6423 53258405         
 235810 216400     2490.2017   317                   2428.6542 53438007         
 236062 215966     2444.7924   397                   2428.6542 53304998         
 236249 216152     2483.8151   472                   2428.6542 53326451         
Elapsed time = 15473.72 sec. (3263809.84 ticks, tree = 18213.28 MB, solutions = 0)
Nodefile size = 16145.01 MB (14282.76 MB after compression)
 236424 216205     2473.7628   494                   2428.6542 53395027         
 236613 216649     2455.5046   381                   2428.6542 53549080         
 236821 217058     2580.5959   413                   2428.6763 53640666         
 236946 217400     2530.4411   401                   2428.6763 53807669         
 237097 217424    infeasible                         2428.6979 53813407         
 237252 217898     2438.3333   501                   2428.6979 54019896         
 237453 217762     2453.8710   341                   2428.6979 53921587         
 237624 217646     2450.3143   563                   2428.6979 53888207         
 237785 217507     2471.6018   447                   2428.6979 53823513         
 237962 217876    infeasible                         2428.7000 54003599         
Elapsed time = 15673.30 sec. (3302261.77 ticks, tree = 18369.31 MB, solutions = 0)
Nodefile size = 16307.75 MB (14425.89 MB after compression)
 238146 218522     2613.6830   519                   2428.7000 54229158         
 238316 218956     2478.8517   288                   2428.7087 54375665         
 238535 218736     2578.5037   466                   2428.7087 54302329         
 238727 219160     2528.8211   518                   2428.7252 54450531         
 238882 219178     2561.1805   521                   2428.7252 54455786         
 239046 219062     2453.8180   438                   2428.7252 54401540         
 239227 219304     2466.4173   351                   2428.7252 54496015         
 239414 219703     2453.3713   391                   2428.7468 54619335         
 239667 220043     2515.9574   393                   2428.7468 54745602         
 239866 220145    infeasible                         2428.7468 54800619         
Elapsed time = 15880.24 sec. (3340819.98 ticks, tree = 18574.66 MB, solutions = 0)
Nodefile size = 16514.49 MB (14608.22 MB after compression)
 240150 219802     2478.0562   411                   2428.7521 54636979         
 240536 220370     2438.5309   510                   2428.7590 54849261         
 240962 220100     2443.9642   442                   2428.7590 54766467         
 241175 220468     2468.6392   444                   2428.7590 54861706         
 241466 220991     2535.7622   459                   2428.7590 55104443         
 241676 220951     2457.1706   453                   2428.7879 55032257         
 241882 220988     2474.0551   484                   2428.7913 55065432         
 242117 221393     2495.3301   412                   2428.8025 55216582         
 242302 221665     2494.7048   410                   2428.8025 55250304         
 242523 222040     2431.7724   489                   2428.8073 55350122         
Elapsed time = 16111.59 sec. (3379307.38 ticks, tree = 18745.82 MB, solutions = 0)
Nodefile size = 16680.49 MB (14755.14 MB after compression)
 242734 222069     2435.7800   483                   2428.8073 55353700         
 242985 222119     2446.7485   471                   2428.8123 55359800         
 243154 222888     2498.8872   411                   2428.8157 55591778         
 243331 222823     2447.6696   488                   2428.8351 55523292         
 243551 223696    infeasible                         2428.8351 55833817         
 243743 223734     2488.8828   504                   2428.8351 55857057         
 243936 223358     2469.7313   451                   2428.8363 55704278         
 244077 223702     2442.0608   492                   2428.8363 55849848         
 244259 223772     2577.5633   508                   2428.8363 55868428         
 244426 223784     2585.3550   503                   2428.8400 55870297         
Elapsed time = 16307.02 sec. (3417751.78 ticks, tree = 18902.90 MB, solutions = 0)
Nodefile size = 16837.77 MB (14892.78 MB after compression)
 244638 224200     2490.9955   163                   2428.8400 55937872         
 244854 224706     2488.2184   485                   2428.8429 56181202         
 245267 224920     2447.0807   441                   2428.8471 56213377         
 245654 224751     2918.2165   376                   2428.8471 56159826         
 245854 225243     2520.3241   451                   2428.8471 56273993         
 246055 225434     2561.9782   496                   2428.8471 56327221         
 246250 225631     2517.0675   478                   2428.8471 56412952         
 246439 226051     2629.8123   473                   2428.8693 56540712         
 246733 226570     2443.0375   518                   2428.8693 56601243         
 247136 226053     2621.4869   468                   2428.8693 56525122         
Elapsed time = 16530.75 sec. (3456148.83 ticks, tree = 19107.60 MB, solutions = 0)
Nodefile size = 17041.38 MB (15074.08 MB after compression)
 247521 227265     2438.7402   512                   2428.8693 56828036         
 247891 226433     2449.3168   501                   2428.8693 56586297         
 248120 227048     2628.5364   499                   2428.8693 56738478         
 248416 227062     2684.6734   513                   2428.8693 56741479         
 248570 227783    infeasible                         2428.8693 56911360         
 248782 228496     2448.3877   474                   2428.8693 57054648         
 249174 228687     2444.7219   535                   2428.8693 57113390         
 249467 228888     2440.4537   496                   2428.8693 57149528         
 249672 228827    infeasible                         2428.8693 57117695         
 249773 228925     2490.9401   398                   2428.8693 57163514         
Elapsed time = 16769.49 sec. (3494551.19 ticks, tree = 19367.53 MB, solutions = 0)
Nodefile size = 17300.65 MB (15303.67 MB after compression)
 249942 229882     2521.3409   487                   2428.8693 57430415         
 250111 228994     2501.5768   426                   2428.8693 57206536         
 250320 230274     2532.4792   407                   2428.8693 57557782         
 250463 229401     2451.4697   492                   2428.8693 57338635         
 250652 230505    infeasible                         2428.8693 57629950         
 250907 230782     2448.2201   470                   2428.8693 57723625         
 251259 230349     2440.6947   562                   2428.8867 57603218         
 251518 231092     2502.7798   375                   2428.8867 57773281         
 251628 230717     2682.2652   482                   2428.8867 57719746         
 251798 231520     2444.7528   517                   2428.8890 57898663         
Elapsed time = 16961.22 sec. (3533226.15 ticks, tree = 19598.02 MB, solutions = 0)
Nodefile size = 17536.95 MB (15514.51 MB after compression)
 251987 231130     2527.5486   379                   2428.8897 57791790         
 252159 232169     2478.1078   298                   2428.8897 58118330         
 252282 231459     2574.4204   353                   2428.8897 57893659         
 252423 231966     2457.5735   523                   2428.8898 58085949         
 252558 231701     2524.1031   510                   2428.8898 57983185         
 252682 231847     2459.5940   435                   2428.8898 58025883         
 252800 232699     2479.9761   435                   2428.8898 58348245         
 252964 232817     2436.5955   492                   2428.9229 58448572         
 253146 232476     2678.5500   375                   2428.9229 58292115         
 253264 232955     2503.3084   526                   2428.9272 58455505         
Elapsed time = 17156.92 sec. (3571557.85 ticks, tree = 19699.88 MB, solutions = 0)
Nodefile size = 17624.31 MB (15590.11 MB after compression)
 253385 232966     2540.1994   508                   2428.9272 58458976         
 253543 233248     2471.7492   384                   2428.9272 58695323         
 253711 233361     2734.1261   456                   2428.9272 58755016         
 253889 233789     2763.3102   514                   2428.9349 58841021         
 253997 233408     2461.6042   463                   2428.9349 58761378         
 254138 233347     2483.8773   482                   2428.9413 58738451         
 254245 234123     2697.9049   383                   2428.9413 59069181         
 254358 233866     2457.5981   476                   2428.9413 58932739         
 254440 233817     2468.0126   507                   2428.9413 58865130         
 254511 234503     2489.4530   527                   2428.9413 59241866         
Elapsed time = 17326.88 sec. (3610232.86 ticks, tree = 19792.90 MB, solutions = 0)
Nodefile size = 17732.22 MB (15682.75 MB after compression)
 254652 234037     2514.4578   451                   2428.9413 59029673         
 254808 234455     2468.4874   444                   2428.9413 59215194         
 254922 234683     2439.9623   456                   2428.9413 59322846         
 255083 234715     2442.0680   519                   2428.9413 59328685         
 255291 234800     2450.0197   418                   2428.9413 59334847         
 255488 234814     2459.9901   529                   2428.9413 59435100         
 255674 234974     2465.2525   529                   2428.9413 59531920         
 255824 235496     2443.9285   473                   2428.9413 59735649         
 255979 235004     2478.5664   521                   2428.9413 59539016         
 256279 235025     2520.6313   515                   2428.9413 59545023         
Elapsed time = 17532.75 sec. (3648731.84 ticks, tree = 19836.60 MB, solutions = 0)
Nodefile size = 17768.03 MB (15713.37 MB after compression)
 256445 235467     2474.1994   479                   2428.9413 59692142         
 256646 235232     2456.6444   483                   2428.9418 59633186         
 256880 236034     2455.0024   425                   2428.9502 59909840         
 257022 236692     2529.0761   537                   2428.9502 60130562         
 257154 236696     2540.5479   544                   2428.9502 60131952         
 257293 236283     2461.6375   577                   2428.9502 59985371         
 257393 236640     2700.6076   537                   2428.9502 60108812         
 257536 236850     2709.5251   495                   2428.9627 60211822         
 257701 236667     2434.7563   497                   2428.9627 60116135         
 258468 237789     2597.6624   493                   2428.9669 60539856         
Elapsed time = 17784.62 sec. (3698540.42 ticks, tree = 20088.00 MB, solutions = 0)
Nodefile size = 18020.56 MB (15935.27 MB after compression)
 259017 237910     2444.6143   513                   2428.9756 60591336         
 259713 238989     2540.1411   341                   2428.9875 60994108         
 260312 239442     2483.1099   396                   2428.9931 61254314         
 260813 239688     2541.2306   506                   2428.9971 61316343         
 261566 240334     2720.1616   363                   2428.9971 61555083         
 262093 240706     2561.6426   382                   2429.0272 61779839         
 262601 241863     2450.0908   474                   2429.0334 62327109         
 263172 241793     2605.0433   486                   2429.0389 62312805         
 263855 242926     2450.3383   422                   2429.0464 62770971         
 264314 243202     2538.4806   434                   2429.0637 62866913         
Elapsed time = 18558.56 sec. (3851513.22 ticks, tree = 20565.27 MB, solutions = 0)
Nodefile size = 18501.96 MB (16354.25 MB after compression)
 265052 243594     2562.3385   448                   2429.0800 62955494         
 265786 244120     2606.6267   498                   2429.0918 63226192         
 266353 244529     2502.8233   423                   2429.0918 63419503         
 266895 245400     2454.9569   337                   2429.0918 63741199         
 267483 245710     2451.5461   507                   2429.1111 63878780         
 268098 246810     2451.7366   523                   2429.1211 64356269         
 269058 247065     2528.3440   401                   2429.1211 64467630         
 269859 247350     2452.7341   345                   2429.1336 64587878         
 270675 248826     2537.1302   416                   2429.1453 65015544         
 271413 249835     2521.1352   463                   2429.1600 65387222         
Elapsed time = 19346.81 sec. (4004297.11 ticks, tree = 21167.83 MB, solutions = 0)
Nodefile size = 19106.63 MB (16887.90 MB after compression)
 272111 249894     2449.4659   455                   2429.2044 65413270         
 273019 250955     2442.1121   404                   2429.2048 65736805         
 273568 252206     2640.7349   502                   2429.2246 66192292         
 274195 252359     2459.7772   497                   2429.2293 66271869         
 275102 253086     2669.0804   412                   2429.2510 66494660         
 275925 254326     2479.8283   525                   2429.2860 66914394         
 276656 254202     2479.5729   458                   2429.2860 66898504         
 277555 255816     2492.6712   405                   2429.2860 67355927         
 278202 255551     2514.0034   522                   2429.2860 67320176         
 278803 256622    infeasible                         2429.3127 67681936         
Elapsed time = 20167.20 sec. (4157288.15 ticks, tree = 21784.43 MB, solutions = 0)
Nodefile size = 19719.39 MB (17426.84 MB after compression)
 279324 257833     2442.6436   381                   2429.3291 68128713         
 279939 257710     2475.3447   506                   2429.3594 68073199         
 280616 258398     2499.6690   469                   2429.3703 68361236         
 281511 259360     2570.6436   479                   2429.3752 68824121         
 282236 259433     2460.6200   490                   2429.3895 68845623         
 282943 260635     2471.9965   396                   2429.3981 69259239         
 283579 261635     2450.6319   447                   2429.4031 69576243         
 284234 262249     2498.4579   472                   2429.4109 69794699         
 284836 262229     2456.5970   502                   2429.4453 69771407         
 285818 262951     2474.1846   473                   2429.4576 70127730         
Elapsed time = 21014.45 sec. (4309999.11 ticks, tree = 22321.83 MB, solutions = 0)
Nodefile size = 20258.41 MB (17899.70 MB after compression)
 286726 263770     2463.5456   306                   2429.4796 70310654         
 287539 264698     2468.4518   419                   2429.4969 70624554         
 288396 265946     2456.3200   464                   2429.5292 70984542         
 288988 265658     2462.5383   448                   2429.5375 70899688         
 289843 266542     2492.1870   452                   2429.5375 71158040         
 290543 268146     2594.3374   437                   2429.5476 71738147         
 291111 268491     2477.0207   459                   2429.5490 71897798         
 291720 268531     2471.8496   492                   2429.5523 71872780         
 292540 269097     2449.6081   472                   2429.5722 72160675         
 293235 269711     2453.7331   511                   2429.6224 72412692         
Elapsed time = 21849.33 sec. (4462855.71 ticks, tree = 22938.51 MB, solutions = 0)
Nodefile size = 20873.29 MB (18441.89 MB after compression)
 293938 270987     2463.1019   500                   2429.6303 72844220         
 294677 271309     2450.3155   393                   2429.6385 72914942         
 295249 272636     2570.6028   409                   2429.6437 73350480         
 296015 273026     2628.4781   498                   2429.6636 73585144         
 296736 273156     2443.9509   421                   2429.6722 73629882         
 297375 273909     2635.1334   470                   2429.6783 73898051         
 298011 274802     2484.5352   455                   2429.6919 74215965         
 298644 275055     2652.5434   314                   2429.7050 74316319         
 299255 275663     2609.2850   462                   2429.7050 74549764         
 299803 276235     2481.1457   426                   2429.7058 74840115         
Elapsed time = 22652.50 sec. (4615918.76 ticks, tree = 23534.43 MB, solutions = 0)
Nodefile size = 21462.25 MB (18961.23 MB after compression)
 300534 277517     2448.7269   447                   2429.7181 75329660         
 301217 277432     2480.9105   400                   2429.7202 75273044         
 301952 278407     2441.1821   518                   2429.7312 75620444         
 302677 279698     2444.5373   499                   2429.7312 76048362         
 303358 280159     2631.6719   494                   2429.7450 76270793         
 303990 280240     2550.4480   478                   2429.7461 76330862         
 304860 280788     2447.0039   436                   2429.7509 76548285         
 305455 281178     2498.6147   418                   2429.7687 76671424         
 306012 282372     2442.0685   499                   2429.7687 77029666         
 306655 283086     2579.5793   472                   2429.7804 77343735         
Elapsed time = 23491.38 sec. (4768645.82 ticks, tree = 24160.75 MB, solutions = 0)
Nodefile size = 22097.25 MB (19521.86 MB after compression)
 307459 283174     2461.8267   459                   2429.7947 77415403         
 308250 284273     2476.4760   355                   2429.8078 77751345         
 308871 284350     2462.1695   502                   2429.8269 77812061         
 309501 285121     2501.4945   518                   2429.8269 78015722         
 310102 286047    infeasible                         2429.8322 78494480         
 310681 286391     2472.5952   461                   2429.8575 78607446         
 311050 286859     2485.6477   357                   2429.8714 78864779         
 311537 287737     2503.8555   369                   2429.8714 79210579         
 312022 288058     2586.5482   364                   2429.8740 79407251         
 312785 288261     2557.7172   355                   2429.8740 79497501         
Elapsed time = 24282.52 sec. (4921773.47 ticks, tree = 24633.75 MB, solutions = 0)
Nodefile size = 22559.12 MB (19931.47 MB after compression)
 313671 288970     2730.8320   511                   2429.8941 79836404         
 314520 289469     2467.8867   340                   2429.9004 79985586         
 315045 291298     2445.7686   366                   2429.9058 80604248         
 315937 291282     2445.8374   497                   2429.9058 80548059         
 316616 291483     2452.2687   353                   2429.9227 80722226         
 317361 293076     2442.9900   504                   2429.9284 81199780         
 317853 293481     2781.0491   433                   2429.9284 81372143         
 318350 293603     2474.3744   439                   2429.9437 81433166         
 319024 294546     2698.4060   438                   2429.9472 81847531         
 319560 294961     2491.9969   514                   2429.9800 82055550         
Elapsed time = 25089.42 sec. (5074821.42 ticks, tree = 25246.59 MB, solutions = 0)
Nodefile size = 23182.10 MB (20479.75 MB after compression)
 320202 295696    infeasible                         2429.9804 82341994         
 320787 296644     2499.3652   468                   2429.9804 82762012         
 321217 296690     2617.8930   447                   2429.9833 82778549         
 321733 297669     2893.9044   462                   2429.9907 83297065         
 322491 297691     2448.4132   443                   2430.0035 83267607         
 323287 298342     2586.7553   502                   2430.0131 83496401         
 323894 297897     2498.3536   518                   2430.0131 83402344         
 324638 300405     2445.6337   360                   2430.0225 84190913         
 325312 300489     2465.0638   459                   2430.0303 84246267         
 325931 301147     2476.5980   517                   2430.0404 84508338         
Elapsed time = 25927.19 sec. (5227650.67 ticks, tree = 25728.36 MB, solutions = 0)
Nodefile size = 23657.71 MB (20892.44 MB after compression)
 326459 301631     2453.3326   543                   2430.0404 84774416         
 327240 301943     2605.6129   528                   2430.0404 84946115         
 327838 303063     2445.7129   548                   2430.0620 85379803         
 328467 303190     2464.0928   572                   2430.0620 85436398         
 329213 303934     2480.1916   454                   2430.0662 85651378         
 329773 304348     2464.1639   311                   2430.0725 85733615         
 330304 305342     2487.3316   524                   2430.0789 86086876         
 330899 305790     2678.8265   384                   2430.0789 86293515         
 331516 306439     2492.2708   539                   2430.0798 86589901         
 332368 306296     2453.6057   450                   2430.0798 86508090         
Elapsed time = 26733.42 sec. (5380626.92 ticks, tree = 26166.50 MB, solutions = 0)
Nodefile size = 24086.97 MB (21270.04 MB after compression)
 332965 308046     2522.6921   569                   2430.0818 87204325         
 333458 308356     2593.0714   337                   2430.0926 87402946         
 333990 309094     2460.3425   469                   2430.0926 87679219         
 334348 308761     2443.8436   440                   2430.1048 87532531         
 334809 309813     2580.2419   449                   2430.1198 88110098         
 335229 309866     2464.9804   511                   2430.1198 88131996         
 335771 310619     2471.8076   513                   2430.1276 88572920         
 336277 310582     2549.4292   458                   2430.1393 88558253         
 336844 311288     2450.4960   505                   2430.1393 88925241         
 337360 311592     2471.0436   447                   2430.1463 89129886         
Elapsed time = 27518.02 sec. (5533514.82 ticks, tree = 26622.88 MB, solutions = 0)
Nodefile size = 24556.40 MB (21683.88 MB after compression)
 337750 311943     2518.4946   456                   2430.1518 89236188         
 338355 312506     2705.3597   475                   2430.1518 89500637         
 338912 313412     2527.7574   522                   2430.1581 89942445         
 339609 314096     2491.1550   535                   2430.1785 90182463         
 340028 314146     2529.2994   537                   2430.1785 90197325         
 340466 314883     2482.3520   420                   2430.1787 90581426         
 340915 315140     2546.3911   516                   2430.1932 90674871         
 341546 315679     2628.9499   388                   2430.1942 90962779         
 342266 315848     2459.2454   380                   2430.1942 91059453         
 342943 316859     2613.8018   397                   2430.2112 91464898         
Elapsed time = 28324.53 sec. (5686304.48 ticks, tree = 27106.83 MB, solutions = 0)
Nodefile size = 25038.93 MB (22104.31 MB after compression)
 343847 317389     2674.8294   403                   2430.2112 91666281         
 344450 318590     2449.4807   348                   2430.2202 92058332         
 345055 318538     2440.7751   509                   2430.2202 92043533         
 345736 319304     2446.9254   495                   2430.2424 92348437         
 346323 319355     2599.3955   531                   2430.2475 92412721         
 346936 320841     2479.3927   521                   2430.2497 92949410         
 347553 320698     2483.8593   499                   2430.2497 92827072         
 348378 321555     2636.0781   464                   2430.2660 93278067         
 349084 322236     2445.7788   496                   2430.2660 93394760         
 349740 323601     2569.0053   504                   2430.2785 93952213         
Elapsed time = 29141.52 sec. (5839455.29 ticks, tree = 27726.80 MB, solutions = 0)
Nodefile size = 25664.79 MB (22655.01 MB after compression)
 350273 323592     2470.8783   570                   2430.2829 93942289         
 350620 323837     2554.6768   490                   2430.2829 94040365         
 351047 325011     2453.3581   516                   2430.2838 94705527         
 351499 325291     2449.3324   499                   2430.2961 94886235         
 351893 325647     2448.1361   527                   2430.3022 95056657         
 352338 325953     2456.4313   588                   2430.3055 95216036         
 353107 326466     2486.1774   538                   2430.3117 95506921         
 353784 326762     2505.5070   505                   2430.3117 95680110         
 354405 327995     2445.0811   500                   2430.3284 96040541         
 355052 328282     2464.1933   349                   2430.3336 96127138         
Elapsed time = 29907.49 sec. (5992208.94 ticks, tree = 28154.51 MB, solutions = 0)
Nodefile size = 26086.12 MB (23025.54 MB after compression)
 355524 329191    infeasible                         2430.3369 96613034         
 356064 329448     2447.2044   530                   2430.3369 96719807         
 356483 330154    infeasible                         2430.3508 97133780         
 356968 330265     2484.7862   432                   2430.3535 97181137         
 357472 331149     2594.6685   440                   2430.3608 97567512         
 358232 331205     2762.1347   433                   2430.3608 97581642         
 358990 331382     2555.5129   499                   2430.3620 97707499         
 359523 331877     2467.9068   510                   2430.3620 97845371         
 360145 333240     2456.4678   201                   2430.3990 98333399         
 360970 333697     2645.7762   356                   2430.3990 98491063         
Elapsed time = 30723.72 sec. (6145482.77 ticks, tree = 28652.42 MB, solutions = 0)
Nodefile size = 26580.75 MB (23464.01 MB after compression)
 361815 334086     2651.9387   480                   2430.4086 98703676         
 362500 334271     2445.3436   498                   2430.4333 98758706         
 363208 335391     2495.7888   450                   2430.4359 99116158         
 363819 335974     2465.1945   535                   2430.4495 99373803         
 364325 336445     2488.8308   516                   2430.4509 99503818         
 364889 337515     2522.5394   417                   2430.4509 99866585         
 365483 337565     2474.3775   464                   2430.4754 99883805         
 365929 338596     2459.3757   469                   2430.4760 1.00e+08         
 366352 338665     2512.7760   423                   2430.4760 1.00e+08         
 366840 339605     2470.7111   494                   2430.4887 1.01e+08         
Elapsed time = 31564.66 sec. (6298225.42 ticks, tree = 29196.31 MB, solutions = 0)
Nodefile size = 27130.00 MB (23949.37 MB after compression)
 367417 340060     2435.8586   504                   2430.4887 1.01e+08         
 367858 340703     2455.0344   512                   2430.4926 1.02e+08         
 368222 340850     2466.4132   452                   2430.4964 1.02e+08         
 368607 341047     2568.9288   459                   2430.5098 1.02e+08         
 369164 341522     2521.7737   497                   2430.5098 1.02e+08         
 369713 342194     2555.5801   498                   2430.5224 1.02e+08         
 370435 342600     2534.0769   325                   2430.5405 1.03e+08         
 371239 343447     2437.6189   441                   2430.5405 1.03e+08         
 372152 343435     2456.6340   412                   2430.5407 1.03e+08         
 372958 343877     2555.7147   348                   2430.5421 1.03e+08         
Elapsed time = 32377.75 sec. (6450969.81 ticks, tree = 29560.82 MB, solutions = 0)
Nodefile size = 27479.44 MB (24254.24 MB after compression)
 373627 345087     2629.1879   467                   2430.5530 1.03e+08         
 374099 345625     2546.7812   522                   2430.5684 1.04e+08         
 374672 346809     2454.5963   385                   2430.5791 1.04e+08         
 375304 347297     2443.9460   503                   2430.5791 1.04e+08         
 376079 347882     2469.7629   572                   2430.5835 1.04e+08         
 376715 348050     2514.6723   542                   2430.5955 1.05e+08         
 377417 349547     2476.0100   547                   2430.6156 1.05e+08         
 377938 350275     2503.0858   471                   2430.6170 1.05e+08         
 378514 349764    infeasible                         2430.6170 1.05e+08         
 379062 350412     2441.7928   460                   2430.6183 1.05e+08         
Elapsed time = 33223.12 sec. (6603857.13 ticks, tree = 30133.65 MB, solutions = 0)
Nodefile size = 28058.87 MB (24763.96 MB after compression)
 379655 351306     2463.7225   454                   2430.6259 1.06e+08         
 380216 351753     2663.4475   504                   2430.6319 1.06e+08         
 381075 352449     2510.2681   241                   2430.6319 1.06e+08         
 381668 352481     2453.6039   410                   2430.6481 1.06e+08         
 382525 353291     2498.4750   469                   2430.6481 1.07e+08         
 383128 354288     2464.7485   574                   2430.6560 1.07e+08         
 384108 354809     2458.1894   512                   2430.6660 1.07e+08         
 384522 355565     2444.7299   548                   2430.6660 1.07e+08         
 385009 356565     2462.1690   521                   2430.6737 1.08e+08         
 385620 356682     2484.6817   507                   2430.6737 1.08e+08         
Elapsed time = 34048.74 sec. (6756716.11 ticks, tree = 30712.26 MB, solutions = 0)
Nodefile size = 28646.98 MB (25285.25 MB after compression)
 386167 357243     2491.9737   542                   2430.6916 1.08e+08         
 386593 357309     2437.9118   526                   2430.7205 1.08e+08         
 386974 358605     2567.1132   447                   2430.7318 1.09e+08         
 387549 359117     2830.6204   334                   2430.7319 1.09e+08         
 388253 359551     2479.3306   508                   2430.7329 1.09e+08         
 388940 359949     2502.6707   464                   2430.7431 1.09e+08         
 389695 360842     2458.8712   526                   2430.7580 1.10e+08         
 390268 360544     2505.0456   326                   2430.7614 1.10e+08         
 390815 360750     2473.1714   495                   2430.7663 1.10e+08         
 391459 362857     2441.6746   596                   2430.7901 1.10e+08         
Elapsed time = 34882.99 sec. (6909475.45 ticks, tree = 31282.71 MB, solutions = 0)
Nodefile size = 29217.86 MB (25791.75 MB after compression)
 392160 362994     2614.8981   494                   2430.7956 1.11e+08         
 392911 364364     2509.0818   491                   2430.7957 1.11e+08         
 393608 364363     2461.0605   394                   2430.7957 1.11e+08         
 394054 365000     2712.9136   424                   2430.7957 1.11e+08         
 394516 365680     2488.7037   481                   2430.8025 1.12e+08         
 394924 365842     2533.3737   513                   2430.8242 1.12e+08         
 395328 366770     2442.8531   546                   2430.8257 1.12e+08         
 395837 366358     2656.0479   491                   2430.8272 1.12e+08         
 396469 367133     2437.6528   498                   2430.8346 1.12e+08         
 397007 366999    infeasible                         2430.8428 1.12e+08         
Elapsed time = 35717.80 sec. (7062401.37 ticks, tree = 31666.46 MB, solutions = 0)
Nodefile size = 29599.39 MB (26127.80 MB after compression)
 397400 368220     2458.1338   410                   2430.8428 1.13e+08         
 397826 368421     2453.7500   389                   2430.8532 1.13e+08         
 398354 369057    infeasible                         2430.8532 1.13e+08         
 398901 369385     2482.5893   406                   2430.8633 1.13e+08         
 399626 369672     2470.3736   500                   2430.8633 1.14e+08         
 400368 369915     2504.1325   423                   2430.8721 1.14e+08         
 401028 370616     2644.1793   514                   2430.8721 1.14e+08         
 401764 371783     2473.6353   422                   2430.8742 1.14e+08         
 402658 371928     2454.0577   427                   2430.8847 1.14e+08         
 403432 372408     2451.9517   523                   2430.8847 1.15e+08         
Elapsed time = 36555.50 sec. (7215275.64 ticks, tree = 32159.23 MB, solutions = 0)
Nodefile size = 30076.39 MB (26545.52 MB after compression)
 404209 373159     2444.6958   518                   2430.9187 1.15e+08         
 405044 374414     2442.8991   443                   2430.9229 1.15e+08         
 405683 374923     2478.6562   421                   2430.9248 1.15e+08         
 406162 376210     2554.9706   306                   2430.9264 1.16e+08         
 406597 376585     2528.4980   505                   2430.9264 1.16e+08         
 406953 376793     2619.6485   504                   2430.9470 1.16e+08         
 407500 377090     2625.4934   407                   2430.9470 1.16e+08         
 407858 378070     2469.5412   335                   2430.9639 1.17e+08         
 408358 378243     2582.8414   527                   2430.9639 1.17e+08         
 409038 379068     2468.0906   428                   2430.9675 1.17e+08         
Elapsed time = 37382.70 sec. (7368347.32 ticks, tree = 32776.72 MB, solutions = 0)
Nodefile size = 30713.07 MB (27105.20 MB after compression)
 409831 378932     2460.6953   475                   2430.9701 1.17e+08         
 410313 379479     2628.8744   443                   2430.9842 1.18e+08         
 410993 380389     2691.4595   529                   2430.9868 1.18e+08         
 411510 380063     2507.7952   467                   2430.9983 1.18e+08         
 411955 381643     2676.1247   479                   2431.0030 1.18e+08         
 412612 381557     2546.6271   535                   2431.0030 1.18e+08         
 413302 382464     2456.1525   490                   2431.0257 1.19e+08         
 413909 383162     2563.6921   275                   2431.0284 1.19e+08         
 414787 383040     2454.8348   376                   2431.0296 1.19e+08         
 415497 385043     2464.4863   551                   2431.0476 1.20e+08         
Elapsed time = 38205.49 sec. (7521258.24 ticks, tree = 33329.78 MB, solutions = 0)
Nodefile size = 31265.96 MB (27588.77 MB after compression)
 416309 385277     2439.1028   534                   2431.0476 1.20e+08         
 417056 385571     2625.0763   385                   2431.0476 1.20e+08         
 417635 386887     2535.8030   448                   2431.0738 1.20e+08         
 418458 387258     2466.1805   323                   2431.0757 1.21e+08         
 419171 387426     2702.3440   511                   2431.0757 1.21e+08         
 419926 388018     2562.7062   463                   2431.0876 1.21e+08         
 420511 389660     2465.5043   377                   2431.0930 1.22e+08         
 421119 389838     2443.2817   420                   2431.1107 1.22e+08         
 421686 390535     2478.9227   504                   2431.1270 1.22e+08         
 422374 390567     2517.7317   385                   2431.1290 1.22e+08         
Elapsed time = 39060.42 sec. (7674097.16 ticks, tree = 33842.23 MB, solutions = 0)
Nodefile size = 31766.08 MB (28031.37 MB after compression)
 423151 391655     2635.2504   384                   2431.1290 1.22e+08         
 423869 392127     2449.5382   525                   2431.1606 1.22e+08         
 424584 392519     2836.4173   485                   2431.1672 1.22e+08         
 425294 393714     2448.5392   481                   2431.1729 1.23e+08         
 425918 394270     2466.7911   439                   2431.1729 1.23e+08         
 426295 394171     2644.0864   486                   2431.1729 1.23e+08         
 426705 395768    infeasible                         2431.1883 1.24e+08         
 427201 395864     2449.6685   458                   2431.1883 1.24e+08         
 427852 396256    infeasible                         2431.1904 1.24e+08         
 428597 396712     2519.0152   509                   2431.1985 1.24e+08         
Elapsed time = 39927.92 sec. (7827223.10 ticks, tree = 34413.19 MB, solutions = 0)
Nodefile size = 32340.24 MB (28540.64 MB after compression)
 429142 396864     2457.3208   511                   2431.1985 1.24e+08         
 429643 397271     2629.2237   386                   2431.2297 1.25e+08         
 430093 398846     2612.1160   430                   2431.2297 1.25e+08         
 430788 399043     2676.8685   545                   2431.2297 1.25e+08         
 431378 399726     2469.5943   349                   2431.2297 1.26e+08         
 431618 399291     2459.4951   518                   2431.2297 1.25e+08         

There may be further error information in the clone logs.

GUB cover cuts applied:  208
Clique cuts applied:  1
Cover cuts applied:  106
Implied bound cuts applied:  2
Flow cuts applied:  1616
Mixed integer rounding cuts applied:  625
Flow path cuts applied:  44
Zero-half cuts applied:  89
Lift and project cuts applied:  209
Warning: MIP starts not constructed because of out-of-memory status.

Root node processing (before b&c):
  Real time             =  145.89 sec. (14559.43 ticks)
Parallel b&c, 12 threads:
  Real time             = 40390.36 sec. (7912336.18 ticks)
  Sync time (average)   = 12177.00 sec.
  Wait time (average)   =    0.20 sec.
                          ------------
Total (root+branch&cut) = 40536.25 sec. (7926895.61 ticks)

Consider using CPLEX node files to reduce memory usage.
CPLEX Error  1001: Out of memory.
